日付,最高気温,平均蒸気圧,平均雲量,平均風速,降水量
2008/5/1,23.8,13.2,10,2,0
2008/5/2,24.2,14.3,10,4.2,0
2008/5/3,28.9,13.9,1.3,2.2,0
2008/5/4,27.5,16.4,5,2.4,0
2008/5/5,23.4,16.8,10,2.4,1
2008/5/6,25.1,8.6,2.8,2.1,0
2008/5/7,26.5,9.7,0.8,2.2,0
2008/5/8,27.3,10.4,8.8,2.1,0
2008/5/9,23.2,10.2,10,2.7,0
2008/5/10,15.7,11.5,10,2.7,25
2008/5/11,19.3,10.5,9.5,2.6,1.5
2008/5/12,21.2,10.1,7,4,0
2008/5/13,24.1,12.9,9.8,2.5,13.5
2008/5/14,21.2,12.2,4.5,3.1,23
2008/5/15,23.6,8.9,3.5,1.9,0
2008/5/16,26.3,11.6,3.8,2.3,0
2008/5/17,26.1,12.6,5.8,2.1,0
2008/5/18,27.6,13.4,5,2.3,0
2008/5/19,24.2,14.9,10,2.2,10
2008/5/20,22.3,14,7.5,3.2,18
2008/5/21,25.8,10.9,6.5,2.1,0
2008/5/22,26.5,15.3,9,2.5,0
2008/5/23,28.4,16.7,7,2.4,0
2008/5/24,22.8,18.5,10,2.1,35.5
2008/5/25,25.4,19.8,10,1.7,45
2008/5/26,28.8,17.4,5.3,2.8,0
2008/5/27,29.6,11,4.3,1.9,0
2008/5/28,28.6,15.7,10,2.2,5.5
2008/5/29,25.3,17.4,9.5,4.1,40.5
2008/5/30,26.2,15.9,10,3.6,0
2008/5/31,21.6,16.7,10,2.1,0
2008/6/1,28.3,14.4,8.5,2,0
2008/6/2,21.5,16.3,10,3.4,19
2008/6/3,22.3,16.1,10,2.7,28
2008/6/4,26.7,15.9,10,2.1,0
2008/6/5,24.5,18.2,9.5,3,17
2008/6/6,25.8,16.9,9.3,2.7,0
2008/6/7,26.1,18,10,1.8,0
2008/6/8,28.6,19.3,10,2.3,0
2008/6/9,27,19,7.5,1.7,0
2008/6/10,28.9,18.6,8.3,2.2,0
2008/6/11,27.3,20.6,10,2.2,2
2008/6/12,28.3,15,7.8,2.4,9.5
2008/6/13,29.9,12.6,0,2.2,0
2008/6/14,29.5,14.9,10,2.2,0
2008/6/15,24.2,15.8,10,2.3,13
2008/6/16,29.7,18.4,9,3.1,2
2008/6/17,30.4,17.7,9.5,,0
2008/6/18,28.6,19,10,1.9,0
2008/6/19,27.8,23.2,10,1.6,6.5
2008/6/20,29.7,26.4,10,1.8,10.5
2008/6/21,30,25.1,10,1.7,5.5
2008/6/22,27.5,25.3,10,1.7,57
2008/6/23,22.5,19.6,10,2.1,0.5
2008/6/24,28,19.7,9.3,1.9,0
2008/6/25,28.1,20.4,10,1.9,0
2008/6/26,27.9,19.1,9.8,2.3,0
2008/6/27,29.1,19.1,9.8,2.1,0
2008/6/28,27.3,22.8,10,1.5,1
2008/6/29,27.6,26,9.3,2.4,19
2008/6/30,27.8,19.4,9.8,3.2,0
2008/7/1,29.3,18.9,9.5,2.5,0
2008/7/2,30.9,22,10,2.2,0
2008/7/3,33.9,25.4,9.3,2.6,0
2008/7/4,32.8,24.5,2.5,3.6,0
2008/7/5,32.1,25.3,8.3,2.7,0
2008/7/6,33.8,25.6,9.8,1.9,0
2008/7/7,32.6,26.7,10,2.4,0
2008/7/8,29,26.1,9.8,2.1,25
2008/7/9,30.7,24.1,10,2.1,16.5
2008/7/10,30.6,23.5,8.5,2.5,0
2008/7/11,31.5,24.1,7.8,2.6,0
2008/7/12,33.7,25,6,2.1,0
2008/7/13,33.9,24,5.8,2.4,0
2008/7/14,33.8,24.3,9.8,2.6,0
2008/7/15,34.5,24.4,9.3,2.3,0
2008/7/16,32,24.4,8.5,2.9,0
2008/7/17,33.6,25.2,6.8,2.9,0
2008/7/18,32.5,28.7,10,2.7,21.5
2008/7/19,34.6,25.3,8.5,1.7,7.5
2008/7/20,36.2,25,4.3,2.1,0
2008/7/21,34.1,25.3,4,2.5,0
2008/7/22,34.4,25.5,6.8,2.7,0
2008/7/23,34.6,25.9,6.8,2.9,0
2008/7/24,35.5,25.6,6.8,3.1,0
2008/7/25,36.3,25.8,2.3,3.2,0
2008/7/26,35.6,26.4,2.3,3,0
2008/7/27,36,27.7,5,3.2,0
2008/7/28,34.5,27.4,6.8,2.7,52
2008/7/29,30.1,27,8.3,2.3,1
2008/7/30,33.9,25,7,2,0
2008/7/31,34.2,23.7,6.8,1.4,0
2008/8/1,34.3,26.6,7.5,2.3,0
2008/8/2,34.4,27.9,9,2.4,0
2008/8/3,35,26.8,3.8,2.9,0
2008/8/4,35.5,26.9,4.3,2.2,0
2008/8/5,36.4,26.3,6.3,2,11.5
2008/8/6,35.5,27.7,9.5,2.4,15
2008/8/7,34.5,27,7.3,3.1,0
2008/8/8,34.6,27.2,9.8,2.2,0
2008/8/9,35.2,25.4,8.3,1.9,0
2008/8/10,35.3,24.8,3.5,2.3,0
2008/8/11,34.9,26.6,4,2.7,0
2008/8/12,34.8,26.5,3.8,2.7,0
2008/8/13,35.1,26,4.5,2.8,0
2008/8/14,34.2,26.8,7,3.9,0
2008/8/15,35.7,25.7,6.3,3,0
2008/8/16,33.9,26.6,7,4.2,2.5
2008/8/17,32.2,22.2,8.5,2.3,0
2008/8/18,33.7,22.8,7.5,2.3,0
2008/8/19,34.4,26.9,8,4,0
2008/8/20,32.1,22.5,7.3,4.5,0
2008/8/21,29.2,18.6,7.3,3.1,0
2008/8/22,31.5,17,8.3,1.8,0
2008/8/23,26.9,25,10,2.2,32
2008/8/24,30,22.4,9.8,2.1,1
2008/8/25,29,20.5,6.3,2.6,2.5
2008/8/26,29.3,24.2,10,3.9,0.5
2008/8/27,29.3,24.4,9,2.8,0
2008/8/28,29.2,26.7,10,1.7,2.5
2008/8/29,30.1,25.2,9,2.7,3
2008/8/30,26.5,24.4,10,3.1,11.5
2008/8/31,33.7,24.2,9,2.7,0
2008/9/1,32.8,26.3,6.5,1.7,18.5
2008/9/2,33.2,26.8,7.5,2,2.5
2008/9/3,30.5,25.4,8.3,2,4.5
2008/9/4,31,23.4,8,2.6,0
2008/9/5,33,26.5,7.3,2.7,3.5
2008/9/6,32.7,25,7.5,1.9,0
2008/9/7,32.9,24.3,4.8,1.7,10.5
2008/9/8,30.7,19.6,3.5,2.3,0.5
2008/9/9,30.6,16.9,1.3,1.9,0
2008/9/10,31.8,20.5,3.3,2.3,0
2008/9/11,31.9,19.4,3.5,1.5,0
2008/9/12,32.1,20.2,5.8,1.8,0
2008/9/13,30.8,21.8,9.5,1.7,1.5
2008/9/14,32.6,20.1,10,2,0
2008/9/15,25.6,21,9.5,1.9,3
2008/9/16,29.3,20.8,8,2.8,1.5
2008/9/17,30.8,21.7,6.3,1.9,0.5
2008/9/18,27.8,23.7,10,2.7,3
2008/9/19,26.1,24.6,10,3.7,5
2008/9/20,31.5,23,5.3,1.7,0
2008/9/21,28.3,23.7,10,1.6,9
2008/9/22,28.5,17.6,3.5,1.8,0
2008/9/23,28.9,18.7,5.8,2.2,0
2008/9/24,28,14.5,6,2.4,0
2008/9/25,25.6,17.4,7.8,1.3,0
2008/9/26,26.3,21.2,9.3,2.6,25
2008/9/27,23.7,10.6,7.8,2.2,0
2008/9/28,19.8,12.4,10,1.8,0
2008/9/29,17.2,15.5,10,2.3,18
2008/9/30,19,18.5,10,1.6,24
2009/5/1,24.3,9.7,6.3,2.4,0
2009/5/2,22.8,11.6,6.3,3,0
2009/5/3,22.6,12.1,10,2.4,0
2009/5/4,21.8,12.8,10,1.2,0
2009/5/5,18.8,14.1,10,3.2,1
2009/5/6,20.2,15.1,10,1.9,3.5
2009/5/7,17.3,16.4,10,1.7,35.5
2009/5/8,19.8,14.5,7.5,1.7,2.5
2009/5/9,28.1,12.8,2.5,1.7,0
2009/5/10,28.2,15,7,2,0
2009/5/11,30.3,14.9,5.8,1.9,0
2009/5/12,28.2,17.9,4,2.7,0
2009/5/13,24.7,13.2,8.5,2.6,5.5
2009/5/14,24.6,7.6,3.3,2.3,0
2009/5/15,23.1,8.9,9.5,2.1,0
2009/5/16,19.9,15,10,1.6,2
2009/5/17,23.8,18.6,10,3,13
2009/5/18,23.8,11.4,8,2.7,0
2009/5/19,24.5,12.4,7.3,1.7,0
2009/5/20,29.3,11.8,5.8,1.5,0
2009/5/21,27.7,15.5,10,2,0
2009/5/22,23.1,16.9,9.8,1.7,1.5
2009/5/23,26.5,15.3,9.8,1.8,0
2009/5/24,26.1,14.6,9.3,2.4,0
2009/5/25,23,12.8,6.3,2.4,0
2009/5/26,26.8,13.5,9,1.9,0
2009/5/27,26.9,15.1,10,3.6,0
2009/5/28,21,15.4,10,4.5,2.5
2009/5/29,27.8,16.5,7.3,3.7,0
2009/5/30,28,19.4,9.8,3.1,9.5
2009/5/31,24.1,16.2,7.5,1.8,2
2009/6/1,26,11.7,1.8,2.3,0
2009/6/2,28.5,12.2,6.8,2.3,0
2009/6/3,26.3,13.6,10,2.9,0
2009/6/4,25.8,16.5,10,2,0
2009/6/5,21,17.8,10,3.2,4.5
2009/6/6,28,16.8,7.3,2.9,0
2009/6/7,25.6,16.2,8.8,2.3,0
2009/6/8,28.5,16,9.5,2,0
2009/6/9,26.1,18,10,2,0
2009/6/10,23.3,21.2,10,1.4,10.5
2009/6/11,26.4,18.6,8.5,3.4,7.5
2009/6/12,29.3,15.3,5.5,2.5,0
2009/6/13,27.8,18.2,9.8,2.6,0
2009/6/14,29.9,17.5,6.5,2,0
2009/6/15,30.7,15.1,7,2.3,0
2009/6/16,29.8,16.9,9,2.2,0
2009/6/17,31.5,16.9,6,2.1,0
2009/6/18,32.1,19,10,2.3,0
2009/6/19,32.3,20.1,5.8,2.5,0
2009/6/20,31.3,19.6,9.3,3,0
2009/6/21,29.1,25.6,10,2.1,1.5
2009/6/22,32.4,27,9.3,2.9,22
2009/6/23,30.4,21.6,10,3.6,0.5
2009/6/24,29.3,21.8,8.3,2.7,27
2009/6/25,31.7,20.7,9.5,2.6,0
2009/6/26,30.4,21.3,5.5,2.3,0
2009/6/27,30.4,20.9,7.5,2.3,0
2009/6/28,32.3,22,6.5,2.5,0
2009/6/29,29.3,24.8,7.5,1.7,35
2009/6/30,28.7,26.5,10,2.8,13
2009/7/1,33,25.2,8.8,3.9,10.5
2009/7/2,27.6,21.7,10,1.9,16.5
2009/7/3,28.1,19.9,10,1.8,6
2009/7/4,28.5,19.8,7,2.4,0
2009/7/5,29.2,22.1,9.5,1.6,0
2009/7/6,32,25.7,9.5,1.9,1.5
2009/7/7,30.3,25.3,10,2.8,4
2009/7/8,30.4,26.3,10,3.1,0
2009/7/9,33,27,10,3.7,1
2009/7/10,29.8,27.4,9,4.4,5.5
2009/7/11,29.9,22.2,10,2.6,0
2009/7/12,33,24.2,9,2.6,0
2009/7/13,34.3,26.9,8.3,3.6,0
2009/7/14,34.8,26.5,9.8,3.2,0
2009/7/15,34.2,22.9,6,4.7,0
2009/7/16,33.9,22.5,7.5,3,0
2009/7/17,28.8,28.6,10,2.7,1.5
2009/7/18,33.5,28.3,10,2.9,0
2009/7/19,33.4,27.9,9.8,3,19.5
2009/7/20,29.4,28.1,10,2,13
2009/7/21,27.5,28.6,10,2.5,19
2009/7/22,29.9,26.7,9.8,2.3,4
2009/7/23,33.2,24.9,8,2.1,0
2009/7/24,33.4,25.1,9.8,2.2,0
2009/7/25,32,26.4,10,2.4,10.5
2009/7/26,32.4,28.1,9.3,2.3,22.5
2009/7/27,28.7,26.8,10,1.5,13.5
2009/7/28,28.1,26.8,10,1.9,0
2009/7/29,34,27.7,10,2.6,0
2009/7/30,31.3,24.4,6.8,2.4,13.5
2009/7/31,32.3,25.1,8,2,0
2009/8/1,30.7,27.1,9,2,0
2009/8/2,31,25.3,8,1.7,12
2009/8/3,33.9,25.5,4.5,2.2,0
2009/8/4,34.7,25.1,5,2.6,0
2009/8/5,32.6,26.8,8.3,2.5,0
2009/8/6,32.5,28.8,10,2.3,0
2009/8/7,33.9,28.4,8.8,2.1,0
2009/8/8,36.3,27.1,7.5,2,0
2009/8/9,29.3,29.2,10,3.6,12.5
2009/8/10,29.2,30.1,10,2.5,9
2009/8/11,31.9,28.8,8,2,1
2009/8/12,35.6,28.5,9.5,2.3,0
2009/8/13,34.3,29.5,7.5,2.9,5
2009/8/14,32.4,22.4,5,2.2,0
2009/8/15,31.5,20.6,6.3,1.8,0
2009/8/16,32.8,23.5,7,1.9,1
2009/8/17,35.8,22,2,2.3,0
2009/8/18,34.3,22.7,3.3,2.5,0
2009/8/19,34.6,21.6,8,2,0
2009/8/20,33.6,24,8.5,2.7,0
2009/8/21,33,26,9.3,3.3,0
2009/8/22,32.2,27.1,8,3.4,1
2009/8/23,32.5,19.4,7.8,1.9,0
2009/8/24,31.7,16.4,2.8,2.5,0
2009/8/25,30.3,16.2,5,1.8,0
2009/8/26,30.1,19.7,6.5,2.4,0
2009/8/27,32.9,18.3,9.3,1.7,0
2009/8/28,33.1,22.5,9,2.3,0
2009/8/29,30,25.4,9.3,2,0
2009/8/30,32.6,21.2,6,2.5,0
2009/8/31,27.3,19.8,7.5,2.3,0
2009/9/1,31.5,17.2,3,2.7,0
2009/9/2,33.4,20.9,7.5,2.5,0
2009/9/3,31.2,22.5,9,2.3,0
2009/9/4,32.9,22.1,10,2.2,1
2009/9/5,34,22,2.5,2.7,0
2009/9/6,34.5,20.6,1,2.5,0
2009/9/7,33.2,20.7,1,2.8,0
2009/9/8,31.3,19.5,2.8,2.8,0
2009/9/9,27.8,15.1,5.3,2.6,0
2009/9/10,28,13.8,4.5,1.6,0
2009/9/11,30.8,14.5,8.5,1.8,0
2009/9/12,25.3,19.4,10,1.9,30.5
2009/9/13,28.1,16.8,6,2.1,0
2009/9/14,27.6,16,10,1.4,0
2009/9/15,22.6,18.8,9.5,1.6,4
2009/9/16,28.2,16.1,3,1.8,0
2009/9/17,29.5,15.7,5.3,1.9,0
2009/9/18,27.6,17.3,9,2.5,0
2009/9/19,28.5,15.4,3.8,2.6,0
2009/9/20,28.4,13.4,2.3,2.3,0
2009/9/21,30,17,5,2.3,0
2009/9/22,27.7,19.7,10,1.4,1
2009/9/23,29.1,21,8.5,2.1,4
2009/9/24,31.5,18.1,3.3,2.1,0
2009/9/25,31.1,19.2,2.3,1.9,0
2009/9/26,30.8,18.1,6.8,2,0
2009/9/27,31.5,17.4,8,2.5,0
2009/9/28,27.7,20.5,9.8,3,0
2009/9/29,26,21.1,10,2,0
2009/9/30,22,21.9,10,1.8,10.5
2010/5/1,20.5,8.4,0.8,2.9,0
2010/5/2,22.4,6.9,0.5,2.2,0
2010/5/3,26.1,11,9,2.4,0
2010/5/4,26.7,15.1,7,2,0
2010/5/5,28,16.2,7,2.3,0
2010/5/6,27.8,16.5,9.5,2.4,0
2010/5/7,22,17.3,8.3,1.7,21
2010/5/8,24.2,10.3,5.8,2,0
2010/5/9,26,9.2,10,1.7,0
2010/5/10,19.8,13.4,10,2.1,6
2010/5/11,19.3,15.1,10,2.5,8.5
2010/5/12,18.7,9.5,7.8,3,0
2010/5/13,20,8,6.3,2.9,0
2010/5/14,19.6,8.4,7.3,2.4,0
2010/5/15,22.8,8.9,7.5,2.3,0
2010/5/16,25,12.4,5.3,2.6,0
2010/5/17,26.5,14,4.5,2.6,0
2010/5/18,26.1,13.8,9.5,3.3,0
2010/5/19,22.8,19.8,10,1.2,11.5
2010/5/20,26.1,21,10,1.8,3.5
2010/5/21,28.3,14.9,9.3,1.7,0
2010/5/22,31.3,14.4,8,2,0
2010/5/23,22.4,16.6,10,4.4,69
2010/5/24,22.7,18.6,10,2.5,38.5
2010/5/25,27.4,16,4.5,3,1.5
2010/5/26,21.7,13.7,8.3,3.8,2.5
2010/5/27,18.8,10.6,9.8,3.1,0
2010/5/28,20.3,9.8,9.8,2.8,0
2010/5/29,23.7,10.1,8.8,2.2,0
2010/5/30,25.3,10.3,3.8,2.3,0
2010/5/31,26.7,12.4,8.3,2.7,0
2010/6/1,25.9,14.5,8.3,2.3,0.5
2010/6/2,28.3,13.7,4.3,2.5,0
2010/6/3,28.1,15.1,2.8,2.1,2.5
2010/6/4,28.1,15.2,7.3,2.3,0
2010/6/5,29.7,14.4,1.5,2.1,0
2010/6/6,29.3,13.2,7.3,2.1,0
2010/6/7,24.3,17.7,10,1.7,0
2010/6/8,22.7,14.1,9,3.3,0.5
2010/6/9,27.8,14.2,7.3,1.8,0
2010/6/10,29.9,14.6,3.8,2.5,0
2010/6/11,31.8,15.1,0.8,2.6,0
2010/6/12,29.2,19,7.3,2.7,0
2010/6/13,22.6,18.6,10,2.9,29.5
2010/6/14,27.8,18,9.5,3,0
2010/6/15,24,22.7,10,2,29
2010/6/16,28.7,22.5,9.8,2,37.5
2010/6/17,32,21.6,10,2.2,0
2010/6/18,25.5,24.9,10,2,47.5
2010/6/19,28.9,25.3,10,3,7.5
2010/6/20,27.5,24.1,10,2.1,0
2010/6/21,27.9,23.5,10,2.7,2
2010/6/22,30.4,23.5,10,2.2,0
2010/6/23,25.7,23.1,10,1.9,15.5
2010/6/24,30.9,15,7.5,2.1,0
2010/6/25,25.3,19.9,10,1.4,2
2010/6/26,26.3,26.5,10,1.3,31
2010/6/27,30.6,27.7,10,2.5,10.5
2010/6/28,32.8,26.5,8.5,3.1,0
2010/6/29,31.2,26,9.8,3.6,7
2010/6/30,32,24.3,9.5,2.4,0
2010/7/1,32.2,24.4,7.3,2.3,0
2010/7/2,30.9,25.6,9.5,1.9,2.5
2010/7/3,27.4,28,10,2.1,55
2010/7/4,31.2,25.5,9.8,3.1,0
2010/7/5,32.2,23.9,8.5,2.3,0
2010/7/6,31.3,25.3,8.3,2.4,0
2010/7/7,29.8,25.4,8.8,1.8,18
2010/7/8,33.1,23.7,8.3,2.3,0
2010/7/9,26.8,23.8,10,1.9,8.5
2010/7/10,30.9,22.1,9,1.8,0
2010/7/11,28.6,26.6,10,3,6.5
2010/7/12,28.5,27.4,10,4.6,9
2010/7/13,29.5,27.2,10,2.1,24
2010/7/14,26.6,27.6,10,2.2,65
2010/7/15,30,27.1,10,2,0.5
2010/7/16,32.8,27.4,10,1.5,2
2010/7/17,32.9,25.5,8,2.3,0
2010/7/18,32.8,25,4.5,2.6,0
2010/7/19,32.9,25.7,7,2.7,0
2010/7/20,33.9,24.8,7.5,3.1,0
2010/7/21,34.2,25,5,2.8,0
2010/7/22,35.3,25.9,3.3,2.3,0
2010/7/23,36,26.3,2.8,2.5,0
2010/7/24,35.6,25.6,2.3,2.4,0
2010/7/25,36.7,24.8,9.3,2.3,0
2010/7/26,34.9,26.1,6,3.1,0
2010/7/27,34.6,25,6.3,3.3,0
2010/7/28,33.3,24.1,10,2.8,0.5
2010/7/29,28.5,27.5,10,2.3,30
2010/7/30,33.5,27.7,8.8,2.8,0
2010/7/31,34,27.8,9.3,2.9,0
2010/8/1,34.8,27.5,6,2.9,0
2010/8/2,36.4,27.6,5.3,2,0
2010/8/3,35.6,28.8,8.3,2.2,0
2010/8/4,36.5,26,4.5,2.3,0
2010/8/5,35.8,27.6,3.5,2.6,0
2010/8/6,35.9,26.1,5,2.6,11
2010/8/7,32.9,24.1,7.3,1.9,0
2010/8/8,34.9,23.9,9.3,2,0
2010/8/9,33.5,26.5,7.8,2.3,3
2010/8/10,33.4,27.5,10,2.3,0
2010/8/11,34.6,25.7,8.5,2.9,0
2010/8/12,30.7,27.9,10,4,21.5
2010/8/13,34.3,27.3,8,2.3,0
2010/8/14,32.9,29.8,10,3,0
2010/8/15,34.5,28.3,9.8,3.7,0
2010/8/16,35,27.7,5.5,2.9,0
2010/8/17,36.4,26.9,3.8,2.1,0
2010/8/18,37.3,25.2,3.5,2.1,0
2010/8/19,36.6,27.5,1.5,2.9,0
2010/8/20,35.8,27.3,3,2,0
2010/8/21,36.2,28,6.3,2.8,0
2010/8/22,35.6,28.2,5.8,2.4,0
2010/8/23,36.8,29.3,6,2.4,0
2010/8/24,35.7,27.7,6.3,3.1,2
2010/8/25,35,26.5,3.8,3.2,0
2010/8/26,35,24.8,2.8,2.5,0
2010/8/27,36.2,27,7.8,2.4,0
2010/8/28,36.9,25.4,8.5,2.2,0
2010/8/29,37.4,26,6.8,2.7,0
2010/8/30,34.4,27.9,5.5,2.5,0
2010/8/31,35.5,26.7,2.8,2.7,0
2010/9/1,35.7,27.3,7.5,2.6,0
2010/9/2,34.2,25.9,7.8,2,0
2010/9/3,35.6,27.6,6,2.3,0
2010/9/4,35.8,27.6,4,2.7,0
2010/9/5,36.2,26.6,5.3,2.1,0
2010/9/6,35.4,24.5,9,2.7,0
2010/9/7,34.6,24.3,9.3,3.5,0
2010/9/8,33.3,25.9,9.8,4.5,1.5
2010/9/9,33.3,19.1,4,2,0
2010/9/10,33.9,20.9,0.3,2.3,0
2010/9/11,35.3,25.1,7,2.4,0
2010/9/12,35.2,26.8,7.5,3.1,0
2010/9/13,32.3,24,10,4.1,0.5
2010/9/14,30.7,20.2,4.5,1.8,0
2010/9/15,29.4,22.1,9.5,1.5,6
2010/9/16,28.5,21.6,6.5,1.5,27
2010/9/17,30.7,17.6,4,2,0
2010/9/18,31.6,18.7,7,1.8,0
2010/9/19,31.9,18.9,4.5,2,0
2010/9/20,29.8,20.7,7.8,1.7,0
2010/9/21,32.1,25.4,7.5,2.7,0
2010/9/22,33.3,25.6,5.8,3.7,0
2010/9/23,27.8,20.3,8.5,2.4,68.5
2010/9/24,22.6,15.2,9.8,2.2,0
2010/9/25,26.8,13.4,5.5,2.5,0
2010/9/26,27.4,14.2,3.8,1.8,0
2010/9/27,26.6,18,10,2,26
2010/9/28,27.3,18.5,9,2.5,20.5
2010/9/29,25.4,12.5,6.3,1.9,0
2010/9/30,20.4,16.8,10,1.6,11
2011/5/1,19.3,15.6,8.8,1.6,2.5
2011/5/2,23.1,9.6,6,2.2,0
2011/5/3,20.4,9.7,8.5,1.8,0
2011/5/4,23,10.2,6.8,2.2,0
2011/5/5,23.7,8.9,5.3,2.1,0
2011/5/6,24.9,12.1,7.5,2.1,0
2011/5/7,27,15.3,8,3.5,1.5
2011/5/8,26.2,15.8,7.5,3.3,0
2011/5/9,27.1,14.4,8.5,2.8,0
2011/5/10,25.5,22.9,10,3,3.5
2011/5/11,23,23.5,10,2.3,44.5
2011/5/12,22.8,21.2,10,2.2,18.5
2011/5/13,22.8,13,6.3,4.8,0
2011/5/14,24.1,9.3,9.5,4.8,0
2011/5/15,24.8,8.7,6,3,0
2011/5/16,25.6,12.2,10,2.7,0
2011/5/17,25.1,12.4,7,2.4,0
2011/5/18,25.4,10.8,0.3,1.8,0
2011/5/19,26.3,13.4,1.3,2.8,0
2011/5/20,26.6,15.4,2.8,3,0
2011/5/21,27.8,19.7,7,2.6,0
2011/5/22,24.2,17.4,10,2.4,14.5
2011/5/23,16.7,14.5,10,2.6,48
2011/5/24,23.1,14.9,9.8,2.9,25
2011/5/25,26.7,13.9,9.5,2.4,0
2011/5/26,24.9,14.4,10,3.9,2.5
2011/5/27,20.8,15.4,10,3.7,6.5
2011/5/28,19.7,20.2,10,2,18
2011/5/29,20.1,20.2,10,3.5,103
2011/5/30,21.3,15.2,7.5,4.6,19.5
2011/5/31,23,14.1,10,2.2,0
2011/6/1,20,17.4,10,2,33
2011/6/2,24.1,18.4,10,1.8,0.5
2011/6/3,26.7,19,10,1.8,0
2011/6/4,27.9,19.7,10,2.7,0
2011/6/5,25,19,10,2.6,0
2011/6/6,27.6,16.1,7.3,1.9,0
2011/6/7,24.8,16.9,10,2.3,0
2011/6/8,27.2,18.6,10,2.8,2.5
2011/6/9,27.3,21.6,10,2.8,0
2011/6/10,25.3,23.1,10,1.6,18.5
2011/6/11,24.5,22.4,10,2.1,35.5
2011/6/12,24.9,19.9,10,1.8,17.5
2011/6/13,25.2,19.5,9.8,2.1,4
2011/6/14,27.9,17.2,10,2.1,0.5
2011/6/15,27.3,14.7,10,1.8,0
2011/6/16,21.9,19.6,10,2.7,19.5
2011/6/17,26.2,20.6,10,2.1,4.5
2011/6/18,23.7,23.3,10,1.2,27
2011/6/19,25.9,23.1,10,1.4,4.5
2011/6/20,24.9,24.3,10,1.5,23
2011/6/21,29.4,25.4,8.5,2.7,10
2011/6/22,31.2,26.2,9,2.2,0
2011/6/23,33.4,27.4,7.5,3.3,0
2011/6/24,33,27.8,7.8,3.8,0
2011/6/25,33.6,28.3,6,3.5,0
2011/6/26,34.8,26.1,9.8,2.6,0
2011/6/27,33,25,8.5,4.6,0
2011/6/28,34.8,27.2,1.8,3.6,0
2011/6/29,35.4,26.6,2.3,2.7,0
2011/6/30,34,26,9.8,3,0
2011/7/1,28.5,26.6,10,2.8,3
2011/7/2,30.3,26.1,9.8,2.5,0
2011/7/3,31.5,27.3,10,2.4,0
2011/7/4,32.7,28.1,10,3.5,11
2011/7/5,31,25.5,7.5,3.2,1
2011/7/6,32.5,24.9,8,2.1,5
2011/7/7,26.2,29.2,10,2.4,40.5
2011/7/8,33.7,29.8,9,2.3,0
2011/7/9,33.7,28,8.3,2.7,0
2011/7/10,35.2,26.7,4.3,2.5,0
2011/7/11,33.3,27.9,7,2.5,16
2011/7/12,30.7,28.1,6.3,1.9,2
2011/7/13,32.2,26.2,3.3,2.6,0
2011/7/14,32.9,24.8,5.3,3,0
2011/7/15,33.8,24.6,4,2.2,0
2011/7/16,34.9,26.8,2.3,2.4,0
2011/7/17,35,26.5,5,2.5,0
2011/7/18,29.2,30.5,10,3.8,38
2011/7/19,28.2,28.1,10,5.1,20.5
2011/7/20,30.9,28.1,10,3.9,0
2011/7/21,28.6,25,10,2,0
2011/7/22,27.5,24,10,2.2,0
2011/7/23,31.7,23.7,6.5,2.2,0
2011/7/24,32,23.1,9.3,2.1,0
2011/7/25,31.6,25.7,7.5,2.2,0
2011/7/26,32.2,26,7.8,2.9,0
2011/7/27,32.7,26.3,9.8,3.5,0
2011/7/28,33,27.5,9.8,3.2,0
2011/7/29,33.5,27.2,10,2.3,1
2011/7/30,31.2,26.5,9.8,2.1,5.5
2011/7/31,33.3,25.5,9.5,1.9,1.5
2011/8/1,31.7,26.1,10,2.5,24
2011/8/2,32.1,26.2,8.3,2.6,0.5
2011/8/3,33.5,25.5,7.3,2.3,0
2011/8/4,34.3,24.7,3.5,3.2,0
2011/8/5,31.2,28.7,7.8,3.1,31.5
2011/8/6,32.9,28.5,8.8,2.5,0
2011/8/7,33.6,27.2,9.3,2.5,0
2011/8/8,34,27.7,7.5,2.8,0
2011/8/9,35.6,28.8,9,2.3,0
2011/8/10,35.6,28.8,3.3,3,0
2011/8/11,34.4,28,8,3.3,0
2011/8/12,34.5,27.8,7.3,2.3,0
2011/8/13,36.2,27.6,7.3,2.5,0
2011/8/14,34.4,29,7.3,3.3,0
2011/8/15,33.8,28.1,4.3,3.2,0
2011/8/16,33.9,29,5.8,3.5,0
2011/8/17,34.4,29.6,9,3.2,0
2011/8/18,35.1,30,7.8,3.7,0
2011/8/19,31.5,26.2,9.3,3,17
2011/8/20,29.5,23.9,10,1.6,1.5
2011/8/21,26.7,26.9,10,1.5,11.5
2011/8/22,31.8,24.5,9.5,1.6,0
2011/8/23,33.3,27.6,10,2.5,1.5
2011/8/24,34.6,27.6,9.5,2.2,0
2011/8/25,32.6,28.1,10,1.8,0
2011/8/26,33.7,27.4,8.8,2.3,0
2011/8/27,34.6,28.9,9,1.7,99
2011/8/28,34.1,26.4,4,2,0
2011/8/29,34.3,25,3,2.1,0
2011/8/30,34.1,23.3,7.8,3.1,0
2011/8/31,32.9,26.2,8.5,5,2.5
2011/9/1,29.9,29.7,9.8,4.9,5
2011/9/2,28.4,28.5,10,6.8,7.5
2011/9/3,29.3,27,10,4.8,51
2011/9/4,27.4,27.2,10,2.6,63.5
2011/9/5,27.9,25,9.5,2,10
2011/9/6,29.2,17.1,5.8,2.4,0
2011/9/7,30.1,15.9,0.8,2,0
2011/9/8,31.2,19.4,3.3,2.1,0
2011/9/9,33.3,26.1,8,2.4,0
2011/9/10,33.3,28.2,5.3,2.5,0
2011/9/11,32.9,26.6,4.3,2.1,0
2011/9/12,33.2,24.6,4.8,2.3,0
2011/9/13,33.8,25.5,6.3,2.4,0
2011/9/14,34.8,26.2,3.8,2.2,0
2011/9/15,34.7,24.2,5.3,2.5,0
2011/9/16,32.4,26.7,9.3,3.9,4.5
2011/9/17,31,29.8,9.8,1.5,11
2011/9/18,33.1,28.3,9.5,2.4,0
2011/9/19,31.9,25.2,7.5,2.6,24
2011/9/20,22.9,23.8,10,2.5,14.5
2011/9/21,25.6,23.8,10,3.9,44
2011/9/22,24.2,16.6,9,3.2,0.5
2011/9/23,26.1,12.5,3.3,1.9,0
2011/9/24,25.7,13.7,1.5,1.7,0
2011/9/25,26.7,16.9,8,2.6,0
2011/9/26,23.8,17.2,10,2.8,0
2011/9/27,28.7,15.9,5.5,2,0
2011/9/28,28.6,15.9,5.5,1.8,0
2011/9/29,28.3,18.2,6.5,2.4,0
2011/9/30,28.1,22.1,10,3.2,6.5
2012/5/1,26.7,16.7,9.8,5.1,0
2012/5/2,21,18.1,9.8,6.6,5
2012/5/3,24.1,16.4,8.3,2.6,0
2012/5/4,21.6,12.4,9.5,4.2,0
2012/5/5,25.2,12.8,1.8,2.5,0
2012/5/6,22.9,12.3,4.5,2.5,0.5
2012/5/7,24.4,12.2,6.5,2,0
2012/5/8,26,13.1,9.5,1.9,0
2012/5/9,25.7,15.3,5.8,1.5,0.5
2012/5/10,23,10.7,4.8,2.7,0
2012/5/11,18.8,8.6,10,3,0
2012/5/12,18.3,8.3,6.8,2.8,0
2012/5/13,21.9,8.3,9,1.6,0
2012/5/14,25.4,11.5,8.8,2.2,0
2012/5/15,20.9,16.7,10,2,7.5
2012/5/16,24.7,13.1,5.3,2.4,0
2012/5/17,28,12.7,9.8,2.7,0
2012/5/18,23.7,10.2,6.8,2.9,0
2012/5/19,27.1,9.4,8.3,2,0
2012/5/20,24.5,13.3,10,2.8,0
2012/5/21,25.4,13.4,9.3,4.3,0
2012/5/22,24.4,14.3,7.5,2.3,0
2012/5/23,27.5,12.1,4.8,1.9,0
2012/5/24,27.1,11.1,7.5,1.7,0
2012/5/25,21.5,14.7,9.5,1.6,0.5
2012/5/26,28.3,13.2,7.8,1.7,0
2012/5/27,29.3,14.3,1,2.4,0
2012/5/28,28.4,16.6,6.3,2.8,0
2012/5/29,25.8,16.1,8.5,2.1,11
2012/5/30,24.2,13.5,9,1.9,0
2012/5/31,27.5,15.2,9.8,2.6,0
2012/6/1,28.3,16.5,9,2.1,0
2012/6/2,27.2,15.8,10,1.8,0
2012/6/3,26.5,16.5,7.8,2.9,0
2012/6/4,27.2,16.5,8.3,2.2,0
2012/6/5,22.8,16.8,9.8,2.6,0
2012/6/6,29.7,16.2,6.5,3,0
2012/6/7,30.1,16.3,10,2.2,0
2012/6/8,27.7,20.4,8.3,2,17.5
2012/6/9,25.4,20.3,9.5,2.3,1.5
2012/6/10,26,16.5,7,2.3,0
2012/6/11,27.6,17.7,8.3,2.1,0
2012/6/12,22.4,18.4,10,3.5,3.5
2012/6/13,26.3,17.3,10,1.6,0
2012/6/14,30.9,18,5,2.3,0
2012/6/15,28.8,18.1,9.8,2.7,2.5
2012/6/16,26.5,24.8,10,2.7,97.5
2012/6/17,28.9,23.1,10,2.4,3
2012/6/18,29.7,21.1,10,1.7,0
2012/6/19,25.8,24.7,10,3.7,20
2012/6/20,25.9,20.9,9,3.3,0
2012/6/21,22.4,19.9,10,2.3,90.5
2012/6/22,26.7,17.6,9.3,2.3,41.5
2012/6/23,27.3,16,10,1.7,0
2012/6/24,28.2,19.6,10,1.7,1
2012/6/25,29.4,20.6,9.8,2.9,1
2012/6/26,28.7,18.1,7.8,3.4,0
2012/6/27,27.3,15.6,10,2.1,0
2012/6/28,26.6,19.3,7.8,4.8,0
2012/6/29,30.8,20.2,4.8,3,0
2012/6/30,29.4,24.8,10,1.5,11.5
2012/7/1,26.4,27.2,9.5,1.6,32.5
2012/7/2,30.9,22.6,9.3,2.2,0
2012/7/3,26,25.8,10,2,38
2012/7/4,29.6,24.2,10,2.6,0
2012/7/5,25.4,25.2,10,2.5,1.5
2012/7/6,28.5,28.3,9.8,2.5,23
2012/7/7,27.9,22.7,8,3.2,64
2012/7/8,29.1,19.2,6.5,1.9,0
2012/7/9,32.3,20.9,4.5,2.7,0
2012/7/10,32.2,23,6,2.8,0
2012/7/11,30.7,23.7,9.5,1.9,2.5
2012/7/12,29.7,28.9,10,3.3,17.5
2012/7/13,31.2,29.2,10,1.8,7
2012/7/14,32.2,27.4,10,2.4,0
2012/7/15,34.1,28.2,8.8,3.1,0
2012/7/16,33.6,27.6,7.5,3.3,0
2012/7/17,34.9,26.8,3,2.7,0
2012/7/18,33.4,26.9,7,3,0
2012/7/19,32.5,27.9,7.8,3.4,0
2012/7/20,31.3,29.5,10,2.2,7
2012/7/21,32.9,26.9,9.5,1.8,0.5
2012/7/22,32.2,24.5,8.3,2.3,0
2012/7/23,32.5,25.4,9.3,2.4,0
2012/7/24,34.1,26.8,8,2.1,0
2012/7/25,33.6,27.2,9,2.2,0
2012/7/26,35.5,28.3,7.3,2.6,0
2012/7/27,35.7,27.8,7.5,2.6,0
2012/7/28,35.9,27.8,5.5,2.5,0
2012/7/29,35.9,28.9,7.3,2.3,0
2012/7/30,35.8,27.8,4.5,2.8,0
2012/7/31,35.8,23.6,4.3,3.7,0
2012/8/1,36.2,26.4,3.8,5.3,0
2012/8/2,36,27,4.5,3.4,0
2012/8/3,36.7,23.3,2.5,3.3,0
2012/8/4,34.8,25.4,2,4.9,0
2012/8/5,33.4,26.9,5.8,3.9,0
2012/8/6,36,27.8,9.3,2.2,12
2012/8/7,34.4,26.3,6,2.2,0
2012/8/8,34.6,20.1,1.3,2.3,0
2012/8/9,34.2,20.6,3.3,2.1,0
2012/8/10,33.8,25.3,4.8,2.7,0
2012/8/11,32.7,28.4,10,2.1,0
2012/8/12,34.6,27.6,9.3,2.2,0
2012/8/13,33,29.7,9.3,3.7,24.5
2012/8/14,29.7,30.3,9.5,1.8,23
2012/8/15,32.3,28.2,9,2.3,0
2012/8/16,34,26.4,6,2.5,0
2012/8/17,36.5,28,4.3,2.1,0
2012/8/18,34.9,27.5,8.8,1.8,61.5
2012/8/19,34.6,26.3,3.5,1.6,2.5
2012/8/20,34.8,24.7,2.8,2,0
2012/8/21,34.4,26.7,5.8,2,0
2012/8/22,34.7,28,7.8,2.6,0
2012/8/23,34.5,27.5,8.3,2.4,2.5
2012/8/24,32.5,27.3,3.8,2.3,13.5
2012/8/25,34.7,25.5,2.5,1.9,0
2012/8/26,35.2,24.5,2.5,2.9,0
2012/8/27,34.2,25.1,7.3,2.7,0
2012/8/28,34.6,24,9.3,2.7,0
2012/8/29,31.3,26.1,9.5,2.4,0
2012/8/30,34.3,28,8.8,2.5,0
2012/8/31,34.8,25.4,7.3,2.3,1.5
2012/9/1,33.2,27.2,8.5,1.9,48
2012/9/2,32.3,24.3,9.8,2,4
2012/9/3,32.3,24.8,8.3,2.2,2
2012/9/4,32.5,26.4,9.8,1.9,0
2012/9/5,33.3,26.3,9.3,2.7,0
2012/9/6,31.4,25.9,9.5,1.6,0.5
2012/9/7,34.1,24.8,3.3,2,0
2012/9/8,31.3,25.2,10,1.5,0
2012/9/9,32.4,25.4,7.5,1.9,0.5
2012/9/10,32,26.3,8,2,3
2012/9/11,30.2,24.7,8.5,1.7,1.5
2012/9/12,32.4,21.4,2.8,2.1,0
2012/9/13,33,24.8,4.3,2.3,0
2012/9/14,33.9,26.1,7.3,1.5,2
2012/9/15,32.8,25.3,7.8,1.5,36.5
2012/9/16,33.1,25.3,7,3.8,0.5
2012/9/17,34.9,24.5,8.8,3.9,0
2012/9/18,27.3,28.5,10,1.6,20.5
2012/9/19,30.5,21.7,5.5,2.6,0
2012/9/20,28.4,18,8,2.1,0
2012/9/21,29,19.4,8.3,1.9,0.5
2012/9/22,29.1,18.9,8.3,1.9,0
2012/9/23,24,18.8,7.5,1.8,15
2012/9/24,27.5,17.6,9.8,1.9,0
2012/9/25,30.2,17.1,2.5,2.2,0
2012/9/26,29.6,16.6,0.5,2.2,0
2012/9/27,29.8,16.5,0,2.1,0
2012/9/28,29.5,17.7,0.3,1.9,0
2012/9/29,27.8,20.2,9.8,1.7,1.5
2012/9/30,22.8,21.2,10,3.7,66
2013/5/1,16.7,8.2,6.8,3.1,0
2013/5/2,16.7,7.2,3.8,2.3,0
2013/5/3,19.6,8.2,5.3,2,0
2013/5/4,21.2,9.1,7.3,1.9,0
2013/5/5,22.1,9.7,0,2,0
2013/5/6,23.7,10.2,0,2.8,0
2013/5/7,19.5,7.6,3.5,3.4,0
2013/5/8,21.2,7.9,1,2.1,0
2013/5/9,27.1,7.7,5.3,2,0
2013/5/10,22.9,13.6,10,1.5,18.5
2013/5/11,18.9,18.2,10,1.4,10.5
2013/5/12,26,12.2,1.8,1.8,0
2013/5/13,28.3,13.3,2.8,2.5,0
2013/5/14,30.3,15.6,3.8,2.1,0
2013/5/15,25.9,16.8,9.8,3.2,0
2013/5/16,24,12.5,9.8,2.9,0
2013/5/17,26.8,11.2,7.8,2.8,0
2013/5/18,26.9,13.3,7.8,2.6,0
2013/5/19,24.3,15.1,9.5,2.1,10
2013/5/20,27.1,17.4,7.5,2.2,0.5
2013/5/21,28.7,17.5,4,2.2,0
2013/5/22,30.3,15.6,4,2.3,0
2013/5/23,30.3,9.2,8,2.2,0
2013/5/24,30,10.1,1,2,0
2013/5/25,29.1,14.1,3.8,2.5,0
2013/5/26,29.1,15.4,8,2.8,0
2013/5/27,26.4,14.9,10,2.5,0
2013/5/28,25,17.5,10,3,2
2013/5/29,25.8,21.3,10,1.8,2
2013/5/30,26.7,20.6,10,2.2,0.5
2013/5/31,29.3,13.7,6.5,2,0
2013/6/1,27.4,12.7,8.8,2.7,0
2013/6/2,26.5,15.4,10,2.5,0
2013/6/3,29.4,17.3,7.3,2.4,0
2013/6/4,31.5,16.1,4,2.6,0
2013/6/5,29,18.3,9.3,2.7,0
2013/6/6,27,16.2,10,3.1,0
2013/6/7,30.2,13.9,3.8,2.4,0
2013/6/8,29.5,13.8,6.8,2.4,0
2013/6/9,27.3,16.7,10,2.5,0
2013/6/10,29.8,16.2,8.5,2.8,0
2013/6/11,32,19.5,9.8,3.5,0
2013/6/12,32.4,21,4.8,4.7,0
2013/6/13,36.1,20.8,4.3,2.4,0
2013/6/14,35.3,21,6,2.6,0
2013/6/15,28.4,25.6,9.8,1.5,43.5
2013/6/16,31.4,22.7,5.3,2.1,0
2013/6/17,32,23,9.5,2.8,0
2013/6/18,31.3,23.5,10,3.2,0
2013/6/19,28.5,26,10,3.5,69.5
2013/6/20,23,22.3,10,1.8,79.5
2013/6/21,21.7,21.2,10,1.5,18.5
2013/6/22,25.8,19.1,10,1.8,0
2013/6/23,25.5,21.1,10,1.5,0
2013/6/24,28.4,21,10,2,3.5
2013/6/25,28.5,22.2,10,1.5,0
2013/6/26,24.2,23.4,10,2.3,51.5
2013/6/27,26.9,20.8,9.5,2,0
2013/6/28,28.2,20.2,10,3.1,0
2013/6/29,29.8,20,7,2.7,0
2013/6/30,30,20.8,9.3,2.4,0
2013/7/1,29.8,20.6,5.3,2.9,0
2013/7/2,29.4,19.8,10,2.4,0.5
2013/7/3,30,24,10,2.2,12.5
2013/7/4,28.8,27.2,10,1.6,11
2013/7/5,33.6,27.5,9.5,4.7,0.5
2013/7/6,32.9,27.8,10,4.6,1
2013/7/7,33.5,28.4,3.5,2.9,0
2013/7/8,35.1,27.9,1.5,3,0
2013/7/9,34.6,26.5,0.3,3,0
2013/7/10,34.8,26.1,1.5,3.4,0
2013/7/11,34.7,26.9,3.3,3.7,0
2013/7/12,34.3,27.6,5,3.3,0
2013/7/13,34.5,27.5,9.3,3.1,0
2013/7/14,33.7,26,9,2.1,1.5
2013/7/15,28,26.9,10,2.6,3
2013/7/16,32.9,25.5,10,1.4,0
2013/7/17,32.4,25.8,10,2.8,0
2013/7/18,32.7,25.6,7.8,4,0
2013/7/19,31.7,18.5,8.8,2.2,0
2013/7/20,33.9,18.4,8.3,2,0
2013/7/21,34.5,24.4,7.8,2.6,0
2013/7/22,35,26.8,9,2.4,0
2013/7/23,34.4,25.7,8.5,2.6,0
2013/7/24,33.5,26.8,8,2.5,13
2013/7/25,35,25.9,2.5,2.5,0
2013/7/26,34.4,28,7.3,2.7,0
2013/7/27,33,25.5,5.3,2.9,0
2013/7/28,32.4,26,10,2.7,0
2013/7/29,29.1,28.3,10,2.2,1.5
2013/7/30,32.8,29.4,8.5,4,0
2013/7/31,34.2,28.6,10,1.8,5.5
2013/8/1,33.8,29.6,10,2.5,0
2013/8/2,34.1,24.5,8,2.2,0
2013/8/3,33.4,22.5,4.3,2.2,0
2013/8/4,34.6,25.3,7,2.4,0
2013/8/5,35.3,28.2,9,2.3,0
2013/8/6,34.3,29,7.5,2,14.5
2013/8/7,35.1,28.1,7.5,1.8,0
2013/8/8,35.3,28.7,8.5,2,0
2013/8/9,36,29.4,9,2.8,0
2013/8/10,36.8,29.5,7.5,2.3,0
2013/8/11,37.6,29.1,3.3,2.4,0
2013/8/12,38.2,22.5,2.8,2.1,0
2013/8/13,37.9,20,0.3,1.9,0
2013/8/14,38.4,20.1,0,2,0
2013/8/15,36,27.2,3,2.6,0
2013/8/16,36.2,26.5,3,2.5,0
2013/8/17,35.9,25.7,5.3,2.5,0
2013/8/18,35.8,25.4,5.5,2.7,0
2013/8/19,36.7,27.1,4.8,2.8,0
2013/8/20,36.8,27.2,5,3.2,0
2013/8/21,37.2,28.6,6.3,3,0
2013/8/22,37.2,29.1,8.3,3.1,0
2013/8/23,35.1,29.5,9,3.5,13.5
2013/8/24,28.1,29.3,10,3.2,5.5
2013/8/25,28.5,26.9,8.3,2.3,88.5
2013/8/26,28.9,20.7,9,1.6,1.5
2013/8/27,31.4,19.7,5.3,2.3,0
2013/8/28,31.5,19.9,6.8,2,0
2013/8/29,33.1,23.8,5,2.5,0
2013/8/30,34.5,29.2,9.8,3.2,2.5
2013/8/31,33.8,28.6,7.5,4.7,2
2013/9/1,26.6,26.9,10,1.8,28
2013/9/2,26.9,28.5,9.8,1.6,11
2013/9/3,29.8,25.8,9,2,11.5
2013/9/4,28.2,23.3,9.8,2.7,20
2013/9/5,27.9,21,8.5,1.9,0
2013/9/6,30.3,21,9.5,1.6,0
2013/9/7,27,23.3,10,2,0
2013/9/8,27.3,23.7,9.3,1.6,7.5
2013/9/9,30.6,18.8,6,1.7,0
2013/9/10,31.4,21.2,5.5,2,0
2013/9/11,32.3,23,3.3,2.1,0
2013/9/12,32.8,25.9,4.5,2.1,0
2013/9/13,34.2,26,2.8,2,0
2013/9/14,32.6,25.6,9.8,3.2,0
2013/9/15,27.5,26.9,10,3.7,102.5
2013/9/16,27,18.2,7,4.4,78
2013/9/17,29.9,14.6,0.5,1.8,0
2013/9/18,31.3,16.7,0,2,0
2013/9/19,31.4,18,0,1.8,0
2013/9/20,31.4,15.6,0,1.9,0
2013/9/21,32.2,18.9,3,1.9,0
2013/9/22,31.8,18.9,4.5,2.1,0
2013/9/23,32.1,17.7,2.5,3.2,0
2013/9/24,32.3,18.2,2,3.6,0
2013/9/25,32.6,20.2,3,2.4,0
2013/9/26,26.5,13.1,4.8,3.6,0
2013/9/27,26.7,10.9,1,2,0
2013/9/28,29.4,14.1,3,2.7,0
2013/9/29,28.6,17,5.8,2,0
2013/9/30,29.9,15.4,8.5,1.4,0
2014/5/1,23.8,14.4,7.5,2.8,0
2014/5/2,24.9,13.6,2.3,2.3,0
2014/5/3,24.2,11.3,4.5,2.5,0
2014/5/4,25.8,9.1,4.3,1.9,0
2014/5/5,18.5,13.8,10,1.9,4
2014/5/6,20.1,8.2,9,2.3,0
2014/5/7,24.1,7.7,0.8,2,0
2014/5/8,24.2,11,7,3.1,0
2014/5/9,23.7,12.5,5.8,2.8,0
2014/5/10,23.7,8.9,3,2.8,0
2014/5/11,26.1,12.2,3,2.8,0
2014/5/12,22.8,14,10,1.7,12.5
2014/5/13,24.9,15.7,4.8,3,4
2014/5/14,26.3,15.3,9,1.8,2.5
2014/5/15,19.6,15.6,8.5,3.3,1
2014/5/16,24.9,12.6,4.3,3.9,0
2014/5/17,24.5,10.9,3.3,2.4,0
2014/5/18,26.6,9.8,5.8,1.8,0
2014/5/19,26.7,13.1,4.8,2.5,0
2014/5/20,26.1,16.8,10,2.7,15
2014/5/21,22.9,14.8,6,3.4,25
2014/5/22,24.8,13.5,5.3,2.5,0
2014/5/23,24,13,6.3,2.1,0
2014/5/24,25.7,14.9,7.5,2.8,0
2014/5/25,26.9,17.2,7.8,3,0
2014/5/26,22.9,17.5,10,1.7,17
2014/5/27,24.6,17.5,9.5,1.9,0
2014/5/28,29.5,14.7,3,2.2,0
2014/5/29,28.7,16.1,0.8,2.4,0
2014/5/30,29.5,19.6,4.3,2.7,0
2014/5/31,30.6,20.3,1.8,2.3,0
2014/6/1,32.9,17.4,4.8,2.1,0
2014/6/2,31.3,19.2,10,2.7,0
2014/6/3,28.3,18.5,9,2.3,0
2014/6/4,26.7,17.8,10,4.4,6.5
2014/6/5,26.2,18.3,9.5,5.5,4
2014/6/6,28.3,21.3,10,2.8,14
2014/6/7,26.1,22.1,9.3,1.9,4
2014/6/8,29.2,20.5,7,2.8,0
2014/6/9,31.8,21.8,6.3,2.7,0
2014/6/10,28.1,22.7,10,2.2,7
2014/6/11,26.9,21.2,10,3.2,0.5
2014/6/12,27.2,20.7,8.3,2.2,0
2014/6/13,25.5,17.7,6.5,2.9,5.5
2014/6/14,26.9,17.4,7.8,2.6,0
2014/6/15,29.1,18.5,7.8,3,0
2014/6/16,28.7,18.2,8.8,2.4,0
2014/6/17,27.3,18.8,10,2.4,0
2014/6/18,22.4,18.3,10,2.7,1
2014/6/19,29.6,18.7,2.8,2.4,0
2014/6/20,29.2,20.7,7.8,2.8,0
2014/6/21,28.4,22.3,10,2.1,1
2014/6/22,25.8,22,10,1.9,9.5
2014/6/23,29.5,18,10,1.7,0
2014/6/24,30.4,18,5.5,2.1,0
2014/6/25,32.3,19.1,5.3,2.7,0
2014/6/26,30.2,22.8,10,2.6,7
2014/6/27,27.8,21.2,10,2.5,0
2014/6/28,28.1,23.3,10,3,8.5
2014/6/29,29.3,22.9,5.8,2.2,6
2014/6/30,30.1,19.9,9.8,2.1,0
2014/7/1,32.1,19.9,4.3,1.9,0
2014/7/2,31.6,20.9,8.8,2.5,0
2014/7/3,25.2,23.1,9.8,2.1,21
2014/7/4,30.2,23.7,9.3,2.7,0
2014/7/5,27.2,21.9,7.8,3.2,0
2014/7/6,28.2,24.6,10,1.5,22.5
2014/7/7,26.8,26.2,10,2.5,2
2014/7/8,32.6,29.6,10,2.5,0
2014/7/9,32.4,28.7,10,2.1,0
2014/7/10,29,28.6,10,2.2,7.5
2014/7/11,32,26.7,9,3.7,0
2014/7/12,32,20.9,7.5,3,0
2014/7/13,29.5,26.7,10,1.7,6.5
2014/7/14,29.2,29.2,8.5,2.7,13.5
2014/7/15,33.4,25.3,7.3,2.4,0
2014/7/16,33.7,27.5,6.5,3,0
2014/7/17,33.9,26.8,8.5,3.1,0
2014/7/18,32.7,26.9,10,2.7,0
2014/7/19,32.4,25.2,9.8,2,0
2014/7/20,32.5,25.6,8,1.2,3
2014/7/21,32.2,25.5,6.5,2.6,3
2014/7/22,33.4,25.9,8,2.9,0
2014/7/23,33.6,27.7,7.8,3.4,0
2014/7/24,35,28.7,8,3.6,0
2014/7/25,37.1,28,1,2.3,0
2014/7/26,35.7,29.3,0,3.1,0
2014/7/27,32.2,26.7,5.8,2.8,0
2014/7/28,33,20.3,5.5,1.8,0
2014/7/29,34.9,24,6.5,2.3,0
2014/7/30,36,27.8,7,2.3,0
2014/7/31,35.5,27.7,8,2.5,0
2014/8/1,34.5,27.8,10,2.2,0
2014/8/2,29,30.1,9.8,1.1,11.5
2014/8/3,30.3,29.4,10,1.2,12.5
2014/8/4,30.7,28.7,10,2.2,5.5
2014/8/5,34.7,27.5,9,3.9,0
2014/8/6,33.2,28.8,8,4.3,0
2014/8/7,33.6,28.3,7.8,2.9,0
2014/8/8,33.7,26,9.5,3.2,17.5
2014/8/9,26.1,26.1,10,4.6,125.5
2014/8/10,28.8,29,10,5,79.5
2014/8/11,31.2,25.3,7,3.6,0
2014/8/12,29.9,27.2,10,1.4,11
2014/8/13,33,27.8,8.8,2,0
2014/8/14,32.2,30.5,8.8,2.3,1.5
2014/8/15,34,30.7,10,3,4.5
2014/8/16,31,31.4,10,2.9,18
2014/8/17,33.5,30.3,6.8,2.6,0.5
2014/8/18,33.8,27.6,8,3.1,0
2014/8/19,33.9,28.6,6.3,3.1,0
2014/8/20,33.7,28.6,7.8,3,0
2014/8/21,32.9,27.3,10,2.6,0
2014/8/22,33.3,26.6,8.8,3,0
2014/8/23,32.7,27.5,8.5,3,1
2014/8/24,30.7,27.5,9.8,1.7,20
2014/8/25,32.8,27.4,9.8,2,0
2014/8/26,32.3,27.9,8.5,3.1,2
2014/8/27,32.5,24.5,8,2,0
2014/8/28,26.6,22.4,9.3,1.8,21.5
2014/8/29,28.8,21.4,9.8,1.9,9
2014/8/30,30.3,21.5,7.5,2,0
2014/8/31,30,22.1,9.5,2.7,0
2014/9/1,24.4,24.3,8.3,2.3,3
2014/9/2,31.6,23.9,8.5,1.6,0
2014/9/3,30.5,23.4,10,2.7,0
2014/9/4,28.4,27.4,10,1.5,9.5
2014/9/5,30.7,28.8,9.8,2.1,1.5
2014/9/6,32.6,27.2,9.5,2,18.5
2014/9/7,30.7,21.3,6,1.7,0.5
2014/9/8,29.9,20.5,6.3,3.1,0
2014/9/9,31.2,19.1,3.5,1.8,0
2014/9/10,31.5,19.6,8.8,2.2,0
2014/9/11,28.3,19.8,9,2.2,2
2014/9/12,28.2,15.6,7,1.9,0
2014/9/13,28.4,16.3,5.8,1.9,0
2014/9/14,29.7,17.2,2.3,1.8,0
2014/9/15,29.1,18.3,10,1.9,0
2014/9/16,30.1,19.5,6,1.8,1
2014/9/17,28.8,16.7,8,2,0
2014/9/18,25.5,14,9.5,1.9,0
2014/9/19,22.8,13.9,10,1.4,0
2014/9/20,22.7,14.6,9.5,1.4,0
2014/9/21,28.5,14.3,6.3,1.5,0
2014/9/22,29.7,15.2,6,2.1,0
2014/9/23,29.2,16,2.8,2.3,0
2014/9/24,27.4,21.4,10,1.5,12.5
2014/9/25,29.3,23,6.3,2.8,46
2014/9/26,28.2,17.2,4.8,1.8,0
2014/9/27,29.6,16.3,2.8,2.8,0
2014/9/28,29,16.4,0,2.2,0
2014/9/29,28.1,17.3,2.8,1.8,0
2014/9/30,28.5,17.6,7,1.8,0
2015/5/1,28,15.1,0.3,2.2,0
2015/5/2,30.2,16.7,0.5,1.9,0
2015/5/3,25.7,16.2,10,1.7,4
2015/5/4,24.1,18.5,10,2.3,1
2015/5/5,24.5,9.2,3.3,2.5,0
2015/5/6,24.9,14.1,10,2.5,0
2015/5/7,25.7,14.2,10,2.6,1
2015/5/8,26.8,13.8,4.8,1.9,0
2015/5/9,20.7,15.7,9.5,1.4,0.5
2015/5/10,25.5,10.1,1.5,3.3,0
2015/5/11,25.8,10.6,6.8,2.1,0
2015/5/12,24.5,16.8,10,2.6,32
2015/5/13,25.5,13.1,1.8,2.9,0
2015/5/14,26.5,14,5,1.8,1.5
2015/5/15,28.3,19.9,9.5,2.2,0
2015/5/16,23.9,19.4,8,2.1,45
2015/5/17,27.3,10.8,8.5,1.8,0
2015/5/18,27.5,13.9,9.8,2,6.5
2015/5/19,27.1,20.3,8.5,2.3,9.5
2015/5/20,28.4,15,5.8,3,3
2015/5/21,23,11,3.5,2.2,0
2015/5/22,26.9,12,7.3,2.3,0
2015/5/23,25.2,15.3,10,1.6,0
2015/5/24,29.2,14.9,8.3,2.1,0
2015/5/25,29,15.6,7.3,1.8,0
2015/5/26,29.1,15.9,1,2.1,0
2015/5/27,31.3,12.4,3.8,1.9,0
2015/5/28,30.5,16,8.8,2.6,0
2015/5/29,31.2,17.2,7.3,3.7,0
2015/5/30,31,18.8,6.5,2.8,0
2015/5/31,28.7,15.6,9,3.5,0
2015/6/1,30.4,15.4,6.8,2.4,0
2015/6/2,28.8,21.6,10,2.2,0.5
2015/6/3,23.9,21.6,8.5,2.3,44.5
2015/6/4,27.7,11.5,3.8,3.3,0
2015/6/5,18.9,13.9,8.5,3.1,18.5
2015/6/6,24.8,14.4,6.3,2.6,1
2015/6/7,25.9,15.8,6.5,2.2,0
2015/6/8,24.8,18.8,10,3.1,5.5
2015/6/9,22.4,21.5,10,1.9,31.5
2015/6/10,29.1,18,10,1.8,0
2015/6/11,24.7,20.7,10,2.3,7.5
2015/6/12,29.6,23.2,6.3,2.5,5.5
2015/6/13,31.9,18.4,7,2.2,0
2015/6/14,26.3,20.5,10,1.8,0
2015/6/15,29.5,21.3,10,1.9,0
2015/6/16,26.4,22.6,10,1.6,2.5
2015/6/17,30.4,21.2,10,2.1,0
2015/6/18,25.1,19.3,10,3.9,5.5
2015/6/19,23.4,19.2,10,3.5,9.5
2015/6/20,29,19.5,10,1.5,0
2015/6/21,29.1,21.8,8,2.3,13.5
2015/6/22,27,21.6,9.5,2,0
2015/6/23,29.3,21.5,8.5,2.1,0
2015/6/24,31.5,21.6,9,2.3,0
2015/6/25,30.4,22,9.8,2.3,0
2015/6/26,24.3,23.9,10,2.2,31
2015/6/27,25.3,21.1,9.5,3.3,0
2015/6/28,26,16.6,6.5,2.7,0
2015/6/29,28.8,16.8,5.3,2.4,0
2015/6/30,28.8,20.3,10,1.8,19.5
2015/7/1,26.6,24.6,9.8,3.3,44
2015/7/2,29,22,9.5,2.5,0
2015/7/3,28.9,22.1,10,1.7,8.5
2015/7/4,24.6,22.8,10,1.5,11
2015/7/5,24.7,21,10,1.7,1
2015/7/6,23.5,22,10,2,0.5
2015/7/7,24.1,24.8,10,1.9,12
2015/7/8,28.5,26.4,10,2.3,1
2015/7/9,31.3,28,10,1.7,0.5
2015/7/10,32.8,27.3,7.8,2.3,0.5
2015/7/11,32.2,27.8,9.8,1.9,0
2015/7/12,33,27.9,9.8,1.8,0
2015/7/13,34.1,26.8,7,4.1,0
2015/7/14,33.5,27,3.3,2.8,0
2015/7/15,34.5,26.1,9,3.6,0
2015/7/16,29.7,27.8,9.8,6.7,13
2015/7/17,26.3,27.9,10,2.7,155.5
2015/7/18,29.7,26.6,9.8,1.9,55
2015/7/19,32.7,27.6,8.3,2.3,0
2015/7/20,33.2,24.8,2,2.8,0
2015/7/21,32.5,24.8,5,2.8,0
2015/7/22,28.3,28.1,10,2,31
2015/7/23,27.9,27.5,10,2.3,22.5
2015/7/24,32.1,26.4,8.5,2,0
2015/7/25,32.4,27.1,7.8,2.9,0
2015/7/26,33.6,26.6,5.3,2.7,0
2015/7/27,33.5,28.7,7.3,3.2,0
2015/7/28,33.1,29.4,7.5,2.4,0
2015/7/29,33.8,30.1,5.8,2.1,1
2015/7/30,33.7,30.9,7.3,2,1
2015/7/31,36.2,28.8,0,2,0
2015/8/1,37.5,29,0,1.9,0
2015/8/2,36.4,29.8,1.8,2.1,0
2015/8/3,36.2,28.1,2.5,2.2,0
2015/8/4,36.3,28.8,2.3,2,0
2015/8/5,36.7,28.7,1.8,2.1,0
2015/8/6,35.1,30.5,6.5,2.2,3.5
2015/8/7,36.4,28.7,9.5,1.9,0
2015/8/8,38,29.1,4.8,2.1,13
2015/8/9,36.5,28,3.5,1.6,0
2015/8/10,36.3,26.6,7.5,2.3,0
2015/8/11,34.7,24.4,8.8,2.3,0
2015/8/12,33.1,25.1,10,2.2,14
2015/8/13,32.3,29.1,10,2.6,37
2015/8/14,32.3,25.5,7.3,2.3,0
2015/8/15,34.3,24.3,3.5,1.7,0
2015/8/16,32.2,25.1,8.5,2.1,6
2015/8/17,31.6,28.3,8.3,2.6,28.5
2015/8/18,33.1,25.2,7,1.9,0
2015/8/19,28.1,26.2,10,1.6,2
2015/8/20,29.2,28.4,10,1.7,27
2015/8/21,32.1,28,10,2.2,20
2015/8/22,31.7,26.6,7.5,2.4,0
2015/8/23,33.1,22.7,3.3,2.6,0
2015/8/24,32.6,22.7,6,2.3,0
2015/8/25,30.1,25.8,9.3,4.3,10.5
2015/8/26,31.5,23.9,6.8,2.7,5.5
2015/8/27,32.2,22.3,4,2.5,0
2015/8/28,33.5,21.7,6.8,2.5,0
2015/8/29,30.9,26,10,1.9,10.5
2015/8/30,27.4,26.9,10,1.8,4.5
2015/8/31,26.6,25.8,10,2.2,3.5
2015/9/1,31.7,28,9.8,1.6,14.5
2015/9/2,30.8,25.6,9.8,1.8,13
2015/9/3,25.6,26.2,9.8,1.5,15
2015/9/4,29.9,23.4,5,2.2,0
2015/9/5,29.9,19.9,7.3,1.9,0
2015/9/6,24.8,24.2,10,2.3,7.5
2015/9/7,26,23.1,10,2.5,2
2015/9/8,23.6,23.8,10,2.6,17.5
2015/9/9,25.7,23.9,10,2.4,37
2015/9/10,25.7,22.4,8.3,1.9,19.5
2015/9/11,26.6,17.2,2,2.4,0
2015/9/12,29,19.1,4.8,2,0
2015/9/13,27.8,19.2,9.8,2.6,0
2015/9/14,27.8,15.3,6.5,3.3,0
2015/9/15,29.3,17.7,8.3,2.6,0
2015/9/16,24.5,19.8,10,3.5,2
2015/9/17,23.9,21.3,9.8,3.6,11.5
2015/9/18,27,18.8,8.5,2.1,0
2015/9/19,28,16.6,9,2.5,0
2015/9/20,28.1,16.8,6,2.4,0
2015/9/21,28.4,18.2,6.5,2.4,0
2015/9/22,29.6,18.2,7.5,2.3,0
2015/9/23,30.7,18.1,7.3,2.7,0
2015/9/24,23.5,20.5,10,4.2,8
2015/9/25,25.3,22.2,10,3.2,14
2015/9/26,28.5,21,10,2.5,0
2015/9/27,28.6,19.5,8.3,2.7,1.5
2015/9/28,29.4,16,5.8,2.6,0
2015/9/29,28.2,14.6,2,3,0
2015/9/30,25.5,11.7,7,2.3,0
2016/5/1,25,11.5,3.5,2.1,0
2016/5/2,29.2,13.3,4.5,1.7,0
2016/5/3,24.9,14.6,10,2.7,0.5
2016/5/4,25.1,11.1,2.8,4.3,3
2016/5/5,25.2,9.2,5,3.4,0
2016/5/6,21.5,12.5,10,1.8,5
2016/5/7,22.8,15.2,9.5,2.5,0
2016/5/8,25.8,9.9,10,1.7,0
2016/5/9,19.4,16.2,10,2.7,28
2016/5/10,21.2,20.4,10,1.7,13
2016/5/11,24.3,17.9,10,3.2,6.5
2016/5/12,26.2,12.4,0,1.6,0
2016/5/13,26.1,14.1,4.3,2.2,0
2016/5/14,28.1,13.8,8.3,2.3,0
2016/5/15,27.3,15.7,8.5,2.6,0
2016/5/16,27.9,17.9,10,2.8,44.5
2016/5/17,24.3,10.7,7.5,3.1,3.5
2016/5/18,27.6,11.8,2.3,2.1,0
2016/5/19,28.3,14.9,7,1.9,0
2016/5/20,28.9,15,6,2.2,0
2016/5/21,28.9,14.7,1.8,2.2,0
2016/5/22,27.8,15.8,1.8,2.9,0
2016/5/23,30.7,15.1,3,1.8,0
2016/5/24,29.2,14.2,6.5,2.1,0
2016/5/25,26.1,15.8,10,1.7,0
2016/5/26,29.1,22.4,10,1.9,15.5
2016/5/27,28.4,17.7,7.3,3,6
2016/5/28,22.9,17.6,8.5,1.8,0
2016/5/29,27.5,18.4,6,2.3,5
2016/5/30,25.4,19.9,10,3,6
2016/5/31,29.2,19.7,7.3,2.6,0
2016/6/1,25.1,12.2,7.5,3.6,0
2016/6/2,24.9,10.6,2.8,4,0
2016/6/3,26.6,11.8,3.3,2.5,0
2016/6/4,25.6,16,8,1.7,0
2016/6/5,23.5,16.9,7.8,4.1,18
2016/6/6,28.2,17.6,8.5,2.8,0
2016/6/7,23,19.8,9.3,2.5,26.5
2016/6/8,29.1,20,9.5,2.3,0
2016/6/9,28.2,21.1,7.8,2.3,0
2016/6/10,31.5,20,4,2.2,0
2016/6/11,30.3,21.3,9.8,2.2,0
2016/6/12,28,22.7,10,2.9,14.5
2016/6/13,26.4,22.2,9.8,2.9,4.5
2016/6/14,29.1,21,9.5,1.6,0
2016/6/15,30.2,23.2,6.3,1.9,0
2016/6/16,24.7,23.8,10,2.2,38.5
2016/6/17,27.2,21.3,9,2.9,1.5
2016/6/18,32.3,18.1,6,2,0
2016/6/19,25.3,23.1,10,1.7,16.5
2016/6/20,28.5,24.7,10,2.3,0
2016/6/21,29.3,23.9,7.8,2.3,40.5
2016/6/22,27.6,25.2,10,1.6,13
2016/6/23,29.6,24.1,6.8,3.2,47.5
2016/6/24,27.8,22.6,9.8,2.1,22
2016/6/25,28.1,23.3,10,3.3,46.5
2016/6/26,27.4,19.1,5,2.6,0
2016/6/27,30,20.5,5,2,19
2016/6/28,24.9,22.5,10,2.1,8.5
2016/6/29,26.2,25.1,10,1.2,8
2016/6/30,28.1,26.3,10,1.7,0
2016/7/1,32.2,25.2,9.3,2,0
2016/7/2,34.5,26.5,9.8,2.8,0
2016/7/3,33.8,28.7,7.3,2.9,0
2016/7/4,34.6,28.7,8.3,2.5,0
2016/7/5,36.3,27.6,6.8,2.4,0
2016/7/6,33.3,26.3,4.3,2.9,0
2016/7/7,34.7,27.4,7,2.1,0
2016/7/8,30.3,27.4,10,1.5,4.5
2016/7/9,27.1,26.7,10,1.7,25.5
2016/7/10,32.5,28,10,1.7,0
2016/7/11,33.7,29.1,9.8,2.4,0
2016/7/12,31.4,30.6,10,1.8,9
2016/7/13,30,30.8,10,2.3,5
2016/7/14,32.7,28,8.8,2.4,5.5
2016/7/15,28,22.9,10,2.4,0.5
2016/7/16,31.5,23.8,10,2,0
2016/7/17,31.1,28.5,9.5,2,2.5
2016/7/18,32.6,24.3,5,2.5,0
2016/7/19,33.7,22.5,2,2.8,0
2016/7/20,34.3,21.6,5.5,3,0
2016/7/21,32.7,22.4,7.3,3.2,0
2016/7/22,34.4,22.4,7.5,3.2,0
2016/7/23,32.8,24.1,9,2.4,0
2016/7/24,31.4,23.5,9.3,2.5,0
2016/7/25,30.6,24.9,10,1.9,0
2016/7/26,29.1,27.4,10,2,13
2016/7/27,32.7,27.6,9.8,1.7,0
2016/7/28,33.4,27.4,8,2,0.5
2016/7/29,33.5,25.8,6.8,2.2,0
2016/7/30,35.8,25.1,7.3,2.1,0
2016/7/31,35.3,26.9,3,1.8,0
2016/8/1,34.9,27.1,4.5,2.4,0
2016/8/2,34.5,25.3,8.3,2.6,0
2016/8/3,35,25.6,9,2.3,0
2016/8/4,36.4,26.5,6,2.3,0
2016/8/5,36.3,28.3,8.3,2.2,0
2016/8/6,36.9,29.4,7,1.7,0
2016/8/7,36.8,27.4,4,2.2,0
2016/8/8,36.3,26.5,3.8,2.9,0
2016/8/9,35.3,25.5,4.5,2.9,0
2016/8/10,35.2,20.7,5.3,2.6,0
2016/8/11,36.2,18.9,5.5,2.6,0
2016/8/12,35.4,24.2,1,2.5,0
2016/8/13,35.5,26.6,3.3,2.4,0
2016/8/14,35.5,29.3,3.5,2,7.5
2016/8/15,35.5,29.3,7.5,2.1,0
2016/8/16,35.3,29.1,7.8,2.5,3
2016/8/17,33.6,28.4,9,2.4,0
2016/8/18,36,27.2,7.5,3.1,0
2016/8/19,38.1,28.6,7.3,2.7,0
2016/8/20,37.6,27.1,4.8,3,0
2016/8/21,36.9,27.2,4,4,0
2016/8/22,36.3,27.6,7.8,3,0
2016/8/23,35.9,24.2,8.3,3.4,0
2016/8/24,35.5,27.1,6.8,2.6,2.5
2016/8/25,35.9,28.5,7.5,2.2,0
2016/8/26,35.3,24.9,5.8,2.4,0
2016/8/27,32.2,23,9.5,3.6,0
2016/8/28,32.1,24.2,7.3,3.6,0
2016/8/29,28.2,26.1,9.5,2.4,145.5
2016/8/30,28.2,18.4,5.3,3.9,3
2016/8/31,31.7,17.5,1.3,3.5,0
2016/9/1,32.6,19,7.5,1.7,0
2016/9/2,34.1,21,7.3,2,0
2016/9/3,33.9,24.3,4.8,3.2,0
2016/9/4,34.8,26.8,7.3,3,1
2016/9/5,31.7,27.4,9.5,1.4,1
2016/9/6,33,28.2,10,1.7,1.5
2016/9/7,34.7,28.2,8.5,1.7,0
2016/9/8,28.8,25.8,8.5,2.5,20
2016/9/9,30.2,20.1,6.5,2.4,0
2016/9/10,31.4,19.9,6.8,2.5,0
2016/9/11,33,22.6,9,2.6,0
2016/9/12,31.2,25.1,9.8,2.5,4
2016/9/13,26.3,27.2,10,1.9,10
2016/9/14,28.1,23.6,10,1.7,0.5
2016/9/15,28.3,21.5,10,2.5,0
2016/9/16,31.3,22.9,9,2.1,0
2016/9/17,31.6,26,10,1.8,0
2016/9/18,27.9,28.4,10,2.1,14.5
2016/9/19,26.4,26.4,10,2.6,11
2016/9/20,22.4,21.8,10,4,52
2016/9/21,26.7,22.4,9.8,1.9,2
2016/9/22,26.9,24.4,9.3,2.9,21
2016/9/23,26.7,21.4,7.3,2.7,1
2016/9/24,25.5,21.2,10,2.3,0
2016/9/25,30.7,22.6,9.8,2.2,9.5
2016/9/26,30.2,26.5,10,2.6,5.5
2016/9/27,32.5,25.6,6.3,1.8,0
2016/9/28,29.5,30,10,2,7.5
2016/9/29,26.3,24.4,10,2.3,18
2016/9/30,28,20.1,6.5,2.3,3.5
2017/5/1,25.2,11.8,5.5,2.8,0
2017/5/2,24.5,9,4,2.3,0
2017/5/3,25.2,12,9.8,2.1,0
2017/5/4,26.1,13.6,5.3,3,0
2017/5/5,26.7,15.9,5,2.4,0
2017/5/6,24.2,17.4,9.8,1.6,0
2017/5/7,24.2,11,6.8,2.7,0
2017/5/8,26.4,9.1,3.3,2.6,0
2017/5/9,23.3,12,10,2.3,7.5
2017/5/10,24.6,16.1,9.5,3.4,0.5
2017/5/11,24.9,15.4,8.3,3,0
2017/5/12,27.4,15.9,6,1.7,3.5
2017/5/13,20.3,17.7,9.3,2.4,51
2017/5/14,26.3,17,7.8,2.1,0
2017/5/15,24.8,13.2,9.5,2.8,0
2017/5/16,22.2,11.5,10,1.9,0
2017/5/17,24.4,10.2,8,2.6,0
2017/5/18,27,10.7,0.3,2.3,0
2017/5/19,28.2,11,0,2.2,0
2017/5/20,29.6,13.4,0.5,1.8,0
2017/5/21,28.7,15,9,2,0
2017/5/22,29.4,15.2,3.3,2.4,0
2017/5/23,28.5,16.5,8.3,2.4,0
2017/5/24,24.4,18.7,10,1.4,3.5
2017/5/25,23.9,20.1,10,1.6,30
2017/5/26,27.8,16.6,7.8,2.9,0
2017/5/27,23.8,11.6,3.3,2.8,0
2017/5/28,26.3,13.1,3.3,2,0
2017/5/29,29.3,14.8,2.5,2.2,0
2017/5/30,29.9,18.5,6,2,0
2017/5/31,29,20.8,10,2,0
2017/6/1,27.5,19,8.5,2.6,25.5
2017/6/2,25.9,14.1,4.5,3.5,2
2017/6/3,24.5,11.6,5.5,2.6,0
2017/6/4,26.1,10.6,6.5,3,0
2017/6/5,27,10.9,1.5,3.1,0
2017/6/6,26.4,13,8,2.2,0
2017/6/7,22.6,19.1,10,1.5,28
2017/6/8,26.3,18.8,7.5,2.5,0
2017/6/9,28.2,15.8,5.5,1.8,0
2017/6/10,29.1,15.8,7.5,3.1,0
2017/6/11,25.7,12,7.5,3.3,0
2017/6/12,24.3,12.1,9.8,3.3,0
2017/6/13,25.5,12.6,6,2.4,0
2017/6/14,26.5,12.2,6.5,2.5,0
2017/6/15,28.8,14.1,0,2.1,0
2017/6/16,28.7,15.8,4.5,3,0
2017/6/17,29.3,15.1,5.5,2.6,0
2017/6/18,29.1,17.4,8.8,2.2,0
2017/6/19,30.7,18.2,2.5,2.3,0
2017/6/20,30.8,19,10,1.9,0.5
2017/6/21,24.4,21.6,10,3.2,72
2017/6/22,28.1,17.6,10,1.8,0
2017/6/23,32.3,19.2,8.5,1.9,0
2017/6/24,30.4,21.5,10,2.1,8
2017/6/25,24.3,24.8,10,1.6,21.5
2017/6/26,28.4,19.3,10,2.2,0
2017/6/27,29.2,21,10,2.1,0
2017/6/28,29.4,24.3,9.3,1.6,6
2017/6/29,27.5,24.1,10,1.6,0
2017/6/30,29.3,27,10,1.8,4
2017/7/1,31.6,27.7,9.3,2.7,0
2017/7/2,33.4,27.2,10,2.3,0
2017/7/3,32.7,28.3,9,2.5,0
2017/7/4,30.4,29.6,10,2.3,14.5
2017/7/5,25.8,26.6,10,2.3,22
2017/7/6,31.2,24.3,9.8,2,0
2017/7/7,30.6,26.2,6.8,2.3,0
2017/7/8,33.7,27.2,9,2,0
2017/7/9,30.4,28.6,10,1.6,4.5
2017/7/10,32,28.7,9.8,1.9,0.5
2017/7/11,34,29.3,6.8,2.5,0
2017/7/12,33.2,29.9,9.3,2.2,0
2017/7/13,34.3,27.8,7.3,2,0
2017/7/14,33.5,28.6,9.5,2.1,0
2017/7/15,34.1,26.5,6.8,2.3,0
2017/7/16,34,27.6,9.5,2.5,0
2017/7/17,31.6,27.9,9.3,2.9,0
2017/7/18,31.1,27.6,9.3,2.7,0
2017/7/19,35.5,27.3,8.3,2.2,0
2017/7/20,36.4,26.2,4.3,2.4,0
2017/7/21,35.1,27.8,7.3,2.1,0
2017/7/22,35.7,27.2,10,2.4,0
2017/7/23,32.3,28.2,8.5,2.4,0
2017/7/24,33.7,28.3,8,2.5,0
2017/7/25,32.7,29.8,10,2.4,0
2017/7/26,33.7,27,5.3,3.1,0
2017/7/27,34.6,28.9,9,2.4,2.5
2017/7/28,34.1,30.3,8.8,2.2,0.5
2017/7/29,35,29.8,9.5,2.4,0
2017/7/30,33.5,29.5,8.3,2.2,1
2017/7/31,35.2,31.1,9.5,2.2,0
2017/8/1,35.3,28.1,8.8,2.8,0
2017/8/2,35.7,25.5,6.8,3.3,0
2017/8/3,35.6,25.9,5.3,4,0
2017/8/4,36.3,28.8,5.8,3.9,0
2017/8/5,36.5,29.5,8.3,2.1,0
2017/8/6,37.4,28.6,2,2.2,0
2017/8/7,29.7,30.8,10,5.4,83
2017/8/8,30.5,28.3,7.5,3.5,8.5
2017/8/9,33.9,26.6,6,2.2,0
2017/8/10,34.6,29.3,7.5,2.9,0
2017/8/11,35.1,28.6,5,2.5,0
2017/8/12,32.8,25.5,8.3,3.3,0
2017/8/13,32.5,22.7,9,2.5,0
2017/8/14,31.9,24.3,9.5,2,0
2017/8/15,30.1,28.6,10,2.3,2.5
2017/8/16,32.8,28.6,9.8,2.4,0
2017/8/17,33.3,29,6.3,2.3,0
2017/8/18,33.8,28.2,7.3,2.3,2.5
2017/8/19,34.2,26,3.5,2.4,0
2017/8/20,35,26,7,2.4,0
2017/8/21,34.6,27.9,7,2.1,0
2017/8/22,33.7,29.3,8.8,2.2,0
2017/8/23,34,30.6,9.8,2.4,0
2017/8/24,35,29.7,4.3,3,0
2017/8/25,34.8,30.1,8,3,0
2017/8/26,31.5,24.1,9.5,2.3,8
2017/8/27,34,20.1,6.5,2.4,0
2017/8/28,33.6,26.5,8,1.8,0
2017/8/29,34.1,28.4,10,2.6,0
2017/8/30,31.8,24.1,7.3,3.5,0
2017/8/31,33.1,17,2.3,3.8,0
2017/9/1,32,16.8,2.8,4,0
2017/9/2,30.3,18.4,2.5,3.2,0
2017/9/3,31.1,17.6,5.5,3,0
2017/9/4,28,16,10,1.8,0
2017/9/5,28.9,19.4,9.5,1.9,0
2017/9/6,29.2,25,10,2.4,0.5
2017/9/7,29.8,29,10,1.9,19.5
2017/9/8,30.8,21.3,5.3,3,1.5
2017/9/9,31.9,19.1,6.5,2,0
2017/9/10,32.1,22.4,9.5,2.3,0
2017/9/11,30.6,22.7,9.3,2.2,0
2017/9/12,27.3,26.1,10,2.1,36
2017/9/13,30.6,22.1,8.5,2,0
2017/9/14,29.6,18.4,9.5,3.2,0
2017/9/15,26.5,15.3,10,2.9,0
2017/9/16,22,20.2,10,4,32
2017/9/17,27.7,22,9.8,5,5
2017/9/18,28.5,21.2,6,2.7,0.5
2017/9/19,28.8,19,9.3,2.3,0
2017/9/20,26.9,19.6,10,2.5,0
2017/9/21,28.1,15.6,8.5,2.1,0
2017/9/22,22.4,19.6,7.5,2.9,5.5
2017/9/23,26.1,21.1,8.3,2,0
2017/9/24,27.4,18.3,6.3,1.8,0
2017/9/25,30.4,18.3,1.3,1.7,0
2017/9/26,30.1,20.6,3.5,2,0
2017/9/27,28.3,20.9,9.5,1.8,0.5
2017/9/28,23.7,20.6,7.5,2.5,26.5
2017/9/29,26.3,15.2,1.5,1.9,0
2017/9/30,27.2,14.1,5,2.4,0
2018/5/1,28.3,14.9,5,1.6,0
2018/5/2,22.2,17.9,10,1.1,7.5
2018/5/3,21.2,14.4,7.5,3.9,5
2018/5/4,19.5,8.6,1.5,4,0
2018/5/5,23.3,9,4.3,3.2,0
2018/5/6,26.2,12.9,8,2.5,9
2018/5/7,19.9,19.5,10,1.9,48
2018/5/8,19.6,15.4,10,4,9.5
2018/5/9,20.3,11.9,7.3,3.2,6.5
2018/5/10,19.7,9.1,3.5,2.3,0
2018/5/11,23.2,9.5,6.3,2.2,0
2018/5/12,23.9,13,7.3,2.1,0
2018/5/13,20.2,17.4,10,2.2,90
2018/5/14,26.1,15.8,5,2.3,0
2018/5/15,28.7,14.1,5.5,2,0
2018/5/16,28,18.1,10,2.2,0
2018/5/17,28.1,21.6,5.8,2,0
2018/5/18,28.8,23.5,7.8,1.9,7.5
2018/5/19,22.5,13.6,8,4.3,5
2018/5/20,24.2,11.2,9.5,3,0
2018/5/21,28.6,12,3,2.8,0
2018/5/22,29.3,11.4,7.5,2.5,0
2018/5/23,21,18,10,2.3,11
2018/5/24,25.8,14.7,3.3,2,1.5
2018/5/25,29.8,12.7,8.5,2,0
2018/5/26,26.6,15.1,7.5,1.8,0
2018/5/27,28.1,15.5,6,1.8,0
2018/5/28,26.5,18.4,10,1.7,0
2018/5/29,28.1,19.4,10,2.1,0
2018/5/30,22.3,20.2,9.8,2.3,18.5
2018/5/31,21.5,19.7,10,1.5,11.5
2018/6/1,26.2,14,5.3,2.6,0
2018/6/2,28.6,14.4,0,2.5,0
2018/6/3,28.8,17.5,6.8,2.1,0
2018/6/4,30.2,17.6,5.8,2.3,0
2018/6/5,27.8,18,9.5,1.8,9
2018/6/6,20.7,21.6,10,3,48.5
2018/6/7,28.1,22.4,9.8,1.8,7
2018/6/8,25.8,24.8,10,1.3,13.5
2018/6/9,28.8,20,5.3,3.3,0.5
2018/6/10,25.4,20,10,3.8,5
2018/6/11,27.5,22.8,10,3.5,2
2018/6/12,25.7,19,10,2.3,0
2018/6/13,25.9,15.4,3,3.3,0
2018/6/14,26.6,15.4,8,2.3,0
2018/6/15,23.6,18.8,10,3.5,5
2018/6/16,26.7,13.7,4.3,2.9,0
2018/6/17,28.5,16.8,6.8,2.5,0
2018/6/18,27,19.9,9.8,4.2,0
2018/6/19,26,22.5,8.5,1.4,3
2018/6/20,22.9,25.1,10,1.6,57.5
2018/6/21,26.4,22.2,9.8,1.5,0
2018/6/22,30.8,19,9,1.7,0
2018/6/23,24.2,21.4,10,2,15
2018/6/24,27.8,20.8,9.8,2.3,1.5
2018/6/25,33.1,21.6,2.8,1.8,0
2018/6/26,31.6,25.6,10,2.4,0
2018/6/27,33.5,26.6,9.8,4.3,0
2018/6/28,33,26.4,10,4.2,0
2018/6/29,31.6,27.1,10,3.3,22.5
2018/6/30,33.6,28.1,9.5,1.9,2
2018/7/1,34.8,26.6,8.3,2.3,0
2018/7/2,33.8,27.5,6.5,2.1,0
2018/7/3,33.8,24,9.8,3.3,0
2018/7/4,29.7,27.3,10,4.7,9
2018/7/5,28.4,28.3,10,4,124.5
2018/7/6,26.2,28.4,10,1.4,117.5
2018/7/7,26.8,28.3,10,1.4,27.5
2018/7/8,32.7,27.1,9.5,1.9,0
2018/7/9,34,26.5,8,2.2,0
2018/7/10,33.2,26.7,5,2.2,0
2018/7/11,33.1,28.4,8.5,1.8,0
2018/7/12,32.7,26.3,9.8,1.9,0
2018/7/13,34.7,27.6,9,2,0
2018/7/14,36.8,28,3.8,2.1,0
2018/7/15,36.1,28.3,0,2.2,0
2018/7/16,36.9,29,4,2,0
2018/7/17,35.8,29.8,6.8,2.1,0
2018/7/18,37,29,3.5,2.2,0
2018/7/19,38,27.4,0,2.4,0
2018/7/20,37.1,30.5,6.8,2.6,0
2018/7/21,35.6,28.8,4,2.4,0
2018/7/22,35.1,28.1,2.5,2.5,0
2018/7/23,37.2,30.1,5.8,2.5,0
2018/7/24,37.5,26,2.8,2.9,0
2018/7/25,36.9,27.2,7.5,2.5,0
2018/7/26,36.8,30.1,10,2.2,0
2018/7/27,33.6,27.4,6.3,2.5,0.5
2018/7/28,32.7,26.4,10,2.6,0.5
2018/7/29,32.5,28.3,8,4.2,52
2018/7/30,34.6,26.2,4.8,4.2,0.5
2018/7/31,36.2,26.8,3.5,3.3,0
2018/8/1,34.9,28.2,0.5,2.4,0
2018/8/2,35.7,29,2,2.6,0
2018/8/3,35.3,28.1,1.8,2.5,0
2018/8/4,37.1,22.9,0,2.2,0
2018/8/5,36.8,25.6,3.3,2.1,0
2018/8/6,36.5,28,4.5,3.2,0
2018/8/7,35.1,23.6,3.5,3.5,0
2018/8/8,31.8,23.1,5.3,3.3,0
2018/8/9,32.6,27.4,10,2.3,0
2018/8/10,34,28.1,7.5,2,0
2018/8/11,36,28.7,6.5,2,0
2018/8/12,34.7,30.5,8.3,2.1,0
2018/8/13,36,29.4,6.8,2.2,0
2018/8/14,36.7,29.9,10,1.6,4.5
2018/8/15,33,28.7,10,1.8,0
2018/8/16,32.8,28.8,10,3.2,1
2018/8/17,30.6,17.1,5.5,4.1,0
2018/8/18,32.8,16.3,7.5,2.4,0
2018/8/19,33,18.1,7,2.6,0
2018/8/20,34.5,23.3,9.8,3,0
2018/8/21,36.8,29.1,5.8,2.3,6
2018/8/22,37.6,25.1,2.8,3.6,0
2018/8/23,35,28.1,7.3,5.6,18
2018/8/24,32.8,29.2,8.8,6.1,12
2018/8/25,34.5,28.8,3.8,3.6,0
2018/8/26,34.3,28,1.3,2.5,0
2018/8/27,34.1,27.7,2.5,2.2,0
2018/8/28,33,28.6,8.3,2.3,0
2018/8/29,35.4,29.1,3.5,2.5,0
2018/8/30,34.2,26.7,7.3,2.8,0
2018/8/31,34.3,28.6,4.8,3.1,0
2018/9/1,28.1,27.3,10,2.3,20
2018/9/2,30.8,24,9.8,2,0
2018/9/3,34.1,25.7,3.8,2,0
2018/9/4,29.9,28,10,5,41
2018/9/5,31,24.5,6.3,3.1,0
2018/9/6,30.9,22.8,9.8,1.8,6.5
2018/9/7,30.2,28,10,3.2,37
2018/9/8,26.7,25.4,10,1.7,15.5
2018/9/9,27.5,27.8,10,1.4,13
2018/9/10,25.6,24.8,9.5,2.1,38.5
2018/9/11,28.9,20.7,10,2.3,0
2018/9/12,23.8,22.5,10,2.9,4
2018/9/13,26.2,21.8,10,3.4,0
2018/9/14,26.3,24.4,10,3.5,4
2018/9/15,28,26.8,10,1.9,0
2018/9/16,30.9,26.8,7.8,2.4,0.5
2018/9/17,28,24.2,8,1.8,0
2018/9/18,29.7,20.4,6.5,1.8,0
2018/9/19,30.4,14.4,8,2.5,0
2018/9/20,23.3,20.2,10,2.4,24.5
2018/9/21,27.2,24.8,10,2.5,33
2018/9/22,29.2,23.6,9.8,2,6
2018/9/23,29,20.2,6.5,1.7,0
2018/9/24,28.7,19.5,9,1.8,0
2018/9/25,23.6,20.1,10,2.2,5
2018/9/26,24.1,17.7,8.5,1.9,21.5
2018/9/27,23.7,18.3,8.8,2,12.5
2018/9/28,27.8,15.6,1.3,1.9,0
2018/9/29,20.7,19.5,10,3.6,42.5
2018/9/30,24.7,23.6,10,4.6,47
