年月日,最高気温,平均蒸気圧,平均雲量,平均風速,降水量の合計,日照時間
2008/5/1,23.2,14.1,10,2.6,0,2.3
2008/5/2,24,14.6,10,8.1,0,0.9
2008/5/3,29.5,14.7,2,2.9,0,12.4
2008/5/4,25.2,17.2,5,3.9,0,10.1
2008/5/5,21.7,17,9.8,3.1,0,0
2008/5/6,23.1,9.5,3,2.6,0,12.3
2008/5/7,23.5,11.4,0.5,2.9,0,11.6
2008/5/8,26.9,12.7,9.3,2.6,0,8.9
2008/5/9,22.2,9.7,10,5.2,0,0.4
2008/5/10,17.3,11.9,10,3.9,24,0
2008/5/11,18.1,10.9,8.8,3.4,2.5,2.2
2008/5/12,20.4,10.5,6.5,6.7,0,10.4
2008/5/13,20.9,13.5,9.3,4,26,3.2
2008/5/14,20.6,12.5,3.5,4.3,9.5,10.5
2008/5/15,22.2,10.2,3.8,2.9,0,12.9
2008/5/16,24,13,5,2.9,0,12.4
2008/5/17,24.2,13.8,3.8,2.5,0,9.7
2008/5/18,24.8,14.2,4.5,4.2,0,9.4
2008/5/19,22.5,15.9,10,3.4,8.5,0.3
2008/5/20,22.3,14.5,7.5,4.6,11.5,6
2008/5/21,23.6,12.3,5.8,2.6,0,12.3
2008/5/22,24.5,17.7,8.5,2.7,0,6.5
2008/5/23,26.8,18.5,10,3,0,11
2008/5/24,22.2,19.2,10,4.4,41,0
2008/5/25,23,21.1,10,2.5,26,1.3
2008/5/26,28.5,19.1,5.5,3.3,0,11.9
2008/5/27,26.4,11.4,1.8,2.6,0,12.9
2008/5/28,26.1,17,10,4.7,7.5,6.5
2008/5/29,25,18.2,7.3,9.4,16,5.3
2008/5/30,24.5,17.1,9.5,5.7,0,0.7
2008/5/31,20.7,17.6,10,4.5,0.5,0.2
2008/6/1,25.7,15.2,7.3,2.4,0,10.5
2008/6/2,21.3,17.2,10,6.2,16,0
2008/6/3,22.3,16.3,10,5.9,19.5,1.6
2008/6/4,25.8,16.3,10,3.5,0,4.1
2008/6/5,24.3,18.9,10,5.7,29,1.5
2008/6/6,25.8,17.7,8,2.9,0,9.6
2008/6/7,25.3,19.2,10,2.7,1,4.9
2008/6/8,26.2,20.9,10,3.2,3.5,5.7
2008/6/9,26.9,20,6,2.7,0.5,2.9
2008/6/10,27,19.9,7.5,3.2,0,9
2008/6/11,26.1,21.6,10,2.8,3,0
2008/6/12,27.6,14.3,8.8,3.6,3.5,8.3
2008/6/13,27.1,13.4,0,2.7,0,13.6
2008/6/14,28.1,16.1,10,3.2,0,6
2008/6/15,23.1,15.9,10,3.5,8.5,0
2008/6/16,27.9,19.6,7.3,4.7,1,10.7
2008/6/17,27.9,19.9,8.8,2.4,0,10.8
2008/6/18,26.7,21.4,10,3,0,1.1
2008/6/19,25.7,23.9,10,2.4,1,0
2008/6/20,27.6,27.7,10,2.4,6.5,0.1
2008/6/21,27.6,26.5,10,2.2,6,2
2008/6/22,27.1,26.3,10,2.2,24.5,1.1
2008/6/23,23,20.4,8.3,2.5,0,0
2008/6/24,26.8,20.6,9,2.4,0,4.8
2008/6/25,27.6,22,10,2.4,0,1.3
2008/6/26,26.8,20.9,10,3.2,0,0.5
2008/6/27,28.1,20.1,9.8,3.3,0,6.8
2008/6/28,26.4,24.1,10,3.2,1,0
2008/6/29,26.1,27.5,9,4.5,13,0
2008/6/30,27,20,8.3,3.8,0,7.1
2008/7/1,27.2,20.5,10,2.9,0,9.3
2008/7/2,28.6,22.9,10,3.7,0,4.8
2008/7/3,30.4,26.9,9.3,3.5,14,5.6
2008/7/4,31.9,26.9,7,3.7,0,11.7
2008/7/5,30,27.9,9.5,3.4,0,9.4
2008/7/6,31.4,28.4,9.5,2.4,0,2.3
2008/7/7,30.7,28.6,10,3.4,0,8
2008/7/8,28.8,27.3,8.3,2.4,7.5,3.9
2008/7/9,29.9,25.1,10,3.9,0,6.4
2008/7/10,29,26.1,9.5,3,0,6.3
2008/7/11,29.3,26.7,8.5,3,0,2.7
2008/7/12,31.4,27.6,6,2.8,0,11.3
2008/7/13,33,26.9,9.3,2.8,0,8.1
2008/7/14,31.4,27.6,9.5,3.4,0,7.2
2008/7/15,32,27.7,9.5,2.9,0,6.5
2008/7/16,30.4,27,9.3,3.6,0,4.3
2008/7/17,31.9,28.7,8,3.2,0,7.8
2008/7/18,32.8,31.5,9,3.2,7,4.5
2008/7/19,32.7,29.4,8.3,2.7,0,10.7
2008/7/20,34.6,28.1,2.3,3.2,0,13.1
2008/7/21,32.1,26.4,0.5,3.6,0,12.5
2008/7/22,32.7,27.2,4.5,3.6,0,12
2008/7/23,32.8,28.3,5.8,3.2,0,10.6
2008/7/24,33.2,29.6,5.8,3.2,0,12.2
2008/7/25,34.3,29.8,2,3.2,0,11.5
2008/7/26,32.6,30.1,2.5,3,0,12.4
2008/7/27,33.2,31.4,5.3,4,0,11.9
2008/7/28,33,29.9,9.8,3.8,35,6.9
2008/7/29,28.4,28.9,8.3,2.3,1,2
2008/7/30,32.1,28.4,4,2.6,0,7.1
2008/7/31,31.4,26.7,7.3,2.4,0,5.9
2008/8/1,32,30.6,8.3,2.9,0,8.8
2008/8/2,32.8,31.2,9.5,2.9,0,7.2
2008/8/3,32.3,31.8,4.3,3.4,0,9.3
2008/8/4,34.7,30,6.8,3.1,0,8.5
2008/8/5,34.2,28.7,6.3,3.4,0,8.6
2008/8/6,34.3,29,10,4.2,12,7.1
2008/8/7,33.4,29.7,7.5,4.8,0,7.1
2008/8/8,33.2,30.6,10,2.7,0,3.7
2008/8/9,33.2,29.7,7.3,2.7,0,8.5
2008/8/10,33.8,28.1,4,3.5,0,11.9
2008/8/11,33.4,28.8,2.5,3.2,0,12.7
2008/8/12,32.4,29.6,2.8,3.2,0,12.5
2008/8/13,32.8,29.2,6.8,3.1,0,12.3
2008/8/14,31.7,31.5,8.3,3.9,0,9.5
2008/8/15,33.1,30.6,7.5,3.2,0,10.1
2008/8/16,33.5,28.9,6.3,3.9,0,8
2008/8/17,32.6,23.9,9.5,2.7,0,5.3
2008/8/18,31.9,23.9,8.3,3.8,0,8.8
2008/8/19,33.1,30.7,9,4.7,0,5.2
2008/8/20,31.8,23.2,5.3,5.2,0,8.3
2008/8/21,29,20.1,6.3,4.1,0,3.3
2008/8/22,28.6,19.2,10,2.9,0,7.5
2008/8/23,28.3,26.5,10,6.5,33.5,0.3
2008/8/24,30.1,23.9,8.8,3.8,0,4.7
2008/8/25,29.3,20.9,6.5,3.7,3,5
2008/8/26,28.9,25.9,10,8.8,1,1.4
2008/8/27,29.4,26.8,10,6,4.5,0.4
2008/8/28,28.4,28.5,10,2.4,6.5,0.1
2008/8/29,30.3,26.8,8.5,4.6,4.5,1.5
2008/8/30,28.2,26.3,10,5,2.5,0.1
2008/8/31,32.6,26.1,9.3,4.9,0,6.2
2008/9/1,32.6,27.6,8.3,3.4,0,10.6
2008/9/2,31.2,28.7,6.3,3.1,4,6.9
2008/9/3,30.2,27,9.5,2.5,21.5,0.9
2008/9/4,31.5,24.3,9,4.2,0,7.3
2008/9/5,32.7,27.4,8.5,4.5,1,7.9
2008/9/6,31.3,26.5,7,3.8,0,10.9
2008/9/7,30,26.7,5,2.4,0,7.6
2008/9/8,30.2,20,5,2.9,0,6.6
2008/9/9,29.4,17,2.5,3.3,0,11.8
2008/9/10,30.8,22.6,4,4.5,0,8.5
2008/9/11,30.1,23.3,3.5,2.5,0,10
2008/9/12,30,24.9,8.3,2.4,0,5.9
2008/9/13,29.1,24.6,10,2.4,2,4.4
2008/9/14,31,22.2,8.8,3.2,0,8.5
2008/9/15,26.7,20.8,10,3.9,2,0.2
2008/9/16,29.5,22.9,8.5,5.5,0.5,6.6
2008/9/17,29.3,23.8,7,3.6,1,5
2008/9/18,27.2,25.3,10,7.8,4,0
2008/9/19,28.1,25.9,10,8.3,4,0.7
2008/9/20,31.3,25,4.8,2.5,0,8.1
2008/9/21,26.5,26,10,2.9,47,0.1
2008/9/22,27.9,19.4,2.5,2.3,0,9.8
2008/9/23,28.2,21,5.3,3.2,0,9.3
2008/9/24,26.8,14.6,6.3,3.9,0,8.6
2008/9/25,26.3,20.6,10,3,0,0.3
2008/9/26,27.9,23.2,10,4.2,20.5,1
2008/9/27,23.1,11.7,7.3,4.4,0,6.2
2008/9/28,21,12.4,10,3.6,0,0
2008/9/29,18.2,16.3,10,4.8,13,0
2008/9/30,19.9,19.9,10,4.1,15.5,0
2009/5/1,22.7,11.3,8.5,2.6,0,11.2
2009/5/2,22.3,12.9,7.3,3.1,0,11.7
2009/5/3,21.3,13,10,2.5,0,7.1
2009/5/4,21.5,13.2,10,2,0,0
2009/5/5,20.9,14.7,10,5.1,2,0.3
2009/5/6,20.9,15.7,10,2.3,0.5,0.9
2009/5/7,18.5,17,10,1.8,25.5,0
2009/5/8,20.3,15.3,7.5,1.8,1,1.4
2009/5/9,24.7,14.6,2.3,2.5,0,12.2
2009/5/10,26.4,17.6,9,3.1,0,10.5
2009/5/11,28.2,17.9,6,2.8,0,11.5
2009/5/12,25.4,20.1,5.3,4.1,0.5,10.1
2009/5/13,24.1,13.8,8,4,4.5,8.9
2009/5/14,24.1,7.6,2.3,3.7,0,12.1
2009/5/15,20.8,9.8,8.8,2.1,0,7.7
2009/5/16,21,15.3,10,4.5,1.5,0
2009/5/17,21.5,20,10,4.4,16.5,0
2009/5/18,22.1,12.5,8.3,3.8,0,9.8
2009/5/19,23.3,12.9,6.8,1.7,0,4.6
2009/5/20,28.2,14.3,6.3,1.8,0,10.3
2009/5/21,26.6,16.7,10,3.8,0,0.4
2009/5/22,22.4,18.4,9.8,2.2,7.5,0
2009/5/23,24.5,17.6,8.3,1.9,0,8.6
2009/5/24,24.1,16,9.8,3.4,7,3.8
2009/5/25,22.1,13.7,5.3,3.5,0,5.5
2009/5/26,23.7,14.9,8.8,2.4,0,8.3
2009/5/27,27.4,15.7,10,5.4,0,3.1
2009/5/28,22.4,15.5,10,7.4,1,0.7
2009/5/29,28,16.8,4.3,6.4,0,7.2
2009/5/30,27.8,19.4,8,5.3,0,9.3
2009/5/31,22.6,18.1,8,2.7,3,5.2
2009/6/1,24.7,13,2,3.1,0,13.2
2009/6/2,26.8,14.4,7.8,3,0,11
2009/6/3,24.1,16.6,10,2.4,1.5,0
2009/6/4,23.7,18,10,2.1,0,0.9
2009/6/5,21.9,18.2,9.8,8,1.5,0.8
2009/6/6,27.8,17.4,7.3,4.6,0,7
2009/6/7,26.1,17,7.5,3.1,0,5.5
2009/6/8,26.2,17.3,6,2.4,0,11.6
2009/6/9,25.4,18.7,10,3.3,0,0.5
2009/6/10,22.7,21.6,10,2.1,20.5,0
2009/6/11,25.8,19.6,8.5,3.9,6.5,6.6
2009/6/12,27.3,17.2,6.5,2.8,0,8.5
2009/6/13,27.4,20.5,10,3.1,0,7.8
2009/6/14,28.5,20.4,7.8,2.9,0,8.9
2009/6/15,27.7,16.5,6,3.8,0,12
2009/6/16,29.5,18.7,7.3,3.5,0,8.5
2009/6/17,28.7,19.4,4.3,3.2,0,12.1
2009/6/18,29,21.1,9,3.6,0,9.8
2009/6/19,29.6,21.7,7.8,3.1,0,8
2009/6/20,30.8,21.5,8.8,4.3,1.5,2.7
2009/6/21,27.4,27.4,10,2.9,8.5,3.4
2009/6/22,29.4,28.4,10,3.2,26.5,1.3
2009/6/23,29.3,24,9.8,3.7,0,7.1
2009/6/24,29,22.6,8.8,3.1,18.5,6.4
2009/6/25,29.3,23.5,9.5,3.2,0,8.4
2009/6/26,28.5,23.4,5,3.1,0,8.9
2009/6/27,28.2,23.6,10,2.8,0,6.7
2009/6/28,30.1,23.7,5.8,3.4,0,7.9
2009/6/29,27.3,26.4,10,2.7,22.5,0.8
2009/6/30,27.7,28.2,10,3.2,21.5,0
2009/7/1,28.9,28.5,9.5,4.5,16.5,4.9
2009/7/2,27.2,23.5,10,2.5,4.5,1.1
2009/7/3,26.7,21.6,10,2.3,3,1.8
2009/7/4,26.9,22.4,9,2.8,0,9.3
2009/7/5,27.7,24.3,9.5,2.3,0,4
2009/7/6,29.5,27.2,8,3.4,4,4.7
2009/7/7,28.4,28,10,2.7,0,1.7
2009/7/8,27.9,29.2,10,4.1,2.5,2
2009/7/9,28.4,30.2,10,4.5,1.5,1.8
2009/7/10,26.6,29.2,10,4.6,12.5,0
2009/7/11,28.8,24.7,10,2.7,0,5
2009/7/12,30.8,27.2,9.8,3.1,0,7.3
2009/7/13,30.5,30.2,9.5,4.6,0,7.9
2009/7/14,32.2,29,8.3,3.1,0,11.3
2009/7/15,30.5,26.7,8.5,4.6,0,10.5
2009/7/16,32.1,25,7.8,3,0,5.9
2009/7/17,27.9,30.5,10,3,4,0
2009/7/18,30.6,30.4,10,3.9,0,6.2
2009/7/19,32.5,30.1,9.8,4.2,69,3.6
2009/7/20,29,30.2,10,2.6,24,1.4
2009/7/21,26.5,30,10,2.3,26,0
2009/7/22,28.9,29,10,2.7,13.5,1.7
2009/7/23,33.1,26.9,5.5,2.5,0,11.4
2009/7/24,30,27.7,9,2.7,0,2.9
2009/7/25,28,29.3,10,2.6,15,0
2009/7/26,30.3,30.2,10,2.9,7.5,2.3
2009/7/27,27.6,27.7,10,2.2,3.5,0.8
2009/7/28,28.7,28.6,10,4.6,0,0.2
2009/7/29,31.5,30.4,10,3.9,0.5,3.6
2009/7/30,30.6,25.7,9,2.6,0,5.4
2009/7/31,32,26.1,6.8,2.6,6,10.9
2009/8/1,31,29.7,10,3.9,22,2.2
2009/8/2,29.6,27.7,7.5,2.7,19,7.4
2009/8/3,33.3,27.8,6.5,3.8,0,12.3
2009/8/4,33.7,28.5,5.8,3.9,0,11
2009/8/5,33.6,29.3,9.8,3.9,4.5,6.9
2009/8/6,31.6,31.2,10,4.2,0,1.2
2009/8/7,32.8,30.8,8.5,2.8,0,3.9
2009/8/8,35.1,30.4,7.5,2.7,0,11.2
2009/8/9,28.7,30.8,10,7,32,0
2009/8/10,29.6,31.5,10,5.4,15.5,0.1
2009/8/11,31.8,30.8,8.8,2.6,0,1.9
2009/8/12,32.9,31,7,3.3,0,9.7
2009/8/13,32.3,32,10,3.4,0,2.2
2009/8/14,31.7,24.2,4.8,3.7,0,10.1
2009/8/15,29.9,24.3,7.3,3,0,3.5
2009/8/16,31.8,25.5,8,3.9,0,5.7
2009/8/17,35,25.4,2.5,2.2,0,11
2009/8/18,33.8,25.5,4,3.7,0,10.9
2009/8/19,33.1,23.9,7,3.6,0,11.9
2009/8/20,31.7,27.7,7.8,3.2,0,8.9
2009/8/21,30.8,30.6,9.3,3.8,0,3.2
2009/8/22,31.7,30.3,7,3.4,1,4.8
2009/8/23,30.1,23,7.3,2.4,0,5.9
2009/8/24,30.4,17.5,2.8,4.2,0,11.7
2009/8/25,28.1,18,4.8,3.1,0,11.5
2009/8/26,28.4,21.7,4.5,4.6,0,3.6
2009/8/27,30.4,20.6,9.5,3.9,0,0.8
2009/8/28,30.3,25.7,10,2.8,0,3.3
2009/8/29,30.1,28.1,8.8,2.4,6,1.6
2009/8/30,31.8,23.1,5,2.3,0,8
2009/8/31,28,21.1,6.8,3.8,0,5.5
2009/9/1,30.4,18,1.8,3.6,0,12.3
2009/9/2,31.4,22.3,5.8,3.7,0,8.8
2009/9/3,31.2,25.3,9.3,4.7,0,4
2009/9/4,31.7,24.9,9,3.5,0,3.6
2009/9/5,32.7,24.3,3.3,3.9,0,10.6
2009/9/6,32.9,22.2,1,4,0,11.9
2009/9/7,32.9,22.4,1.5,4.7,0,10.9
2009/9/8,29.7,21,3.8,3.1,0,10.6
2009/9/9,27,16.2,5,4.2,0,6.1
2009/9/10,26.2,14.9,5.3,2.8,0,11.2
2009/9/11,28.7,15,7.5,3.3,0,6
2009/9/12,25.6,20.7,9.3,3.7,18.5,0
2009/9/13,27.6,18,6.5,3.3,0,6.1
2009/9/14,26.5,17,9.5,3.3,0,4.9
2009/9/15,23.6,20.2,10,3.4,1.5,0
2009/9/16,27.4,16.4,3,3.2,0,7.6
2009/9/17,28.1,16.4,4.5,3.5,0,11.2
2009/9/18,27.4,18.2,8,4.6,0,2.5
2009/9/19,27.9,16,3,4.4,0,9.4
2009/9/20,28,14.2,3,3.3,0,11.1
2009/9/21,28.1,19,6.8,4.4,0,8.6
2009/9/22,26.2,21.4,10,2.3,0,0
2009/9/23,27.8,22.2,9.3,3.6,0,1.1
2009/9/24,30.4,19.8,4.3,4.2,0,10.6
2009/9/25,29.6,20.9,3.8,2.8,0,11.1
2009/9/26,30.3,18.8,5.8,3,0,9
2009/9/27,29.7,19.6,6.5,3.9,0,7.5
2009/9/28,28.1,22.4,10,6.7,0,1.3
2009/9/29,26.7,23.2,10,4,0.5,0
2009/9/30,22.7,23.5,10,3.4,11,0
2010/5/1,20.3,9.1,0.5,3.1,0,11.9
2010/5/2,20.8,8.4,1.3,2.5,0,12.8
2010/5/3,24,13.9,7.8,3,0,10.3
2010/5/4,26.1,17.9,10,3,0,8.3
2010/5/5,25.8,18.2,6.5,3.2,0,8.6
2010/5/6,24.5,18.6,9.5,3.8,0.5,6.7
2010/5/7,21,18.5,10,2.2,22,2
2010/5/8,23.9,11.7,5.5,2.3,0,10.9
2010/5/9,25.3,10.4,9.8,2.2,0,6.2
2010/5/10,19.9,14.7,10,5.8,2.5,0
2010/5/11,18.7,16,9.8,5.5,3,0
2010/5/12,18,10.6,5.8,3.9,0,2.9
2010/5/13,19.3,9.4,7.5,3.5,0,4.2
2010/5/14,18.1,9.7,6.3,3.7,0,3.9
2010/5/15,20.2,10.4,7.5,2.9,0,10.5
2010/5/16,22.5,14.5,4.5,3.5,0,11.1
2010/5/17,24.4,16.9,5.3,2.9,0,11.5
2010/5/18,24.7,16.9,10,3.1,0.5,8.7
2010/5/19,21.8,21.3,10,2.6,16.5,0
2010/5/20,25,22.5,10,2.1,1.5,1.3
2010/5/21,27.3,17.8,9.5,2.1,0,8.7
2010/5/22,28.4,15.5,8,2.5,0,6.4
2010/5/23,22.8,18.2,10,9.5,65,0
2010/5/24,22.6,19.6,8.5,5.4,65.5,0
2010/5/25,24.1,17.6,5.5,3.6,0.5,6.2
2010/5/26,21.6,14.6,6.8,4.8,0,3.6
2010/5/27,19,11.8,8.5,3.5,0,2.2
2010/5/28,20.3,10.5,8,3.7,0,7.4
2010/5/29,22,11.2,8.3,3,0,10.8
2010/5/30,22.8,12,3,3.6,0,13.6
2010/5/31,24,14.7,9,4.8,0,8.4
2010/6/1,24,15.7,9.8,3.9,0,6.2
2010/6/2,25.4,15.7,3,3.3,0,13.2
2010/6/3,27.5,16.8,2,3,0,11.9
2010/6/4,26.1,17.1,7,2.7,0,12.1
2010/6/5,27.3,15.5,0.5,2.9,0,13.5
2010/6/6,27.6,15,7.3,3.2,0,10.1
2010/6/7,24,20.1,9.8,2.5,0.5,0
2010/6/8,23.2,15,9.8,6.5,0,0
2010/6/9,27.5,16.1,7.5,2.9,0,7
2010/6/10,29.8,16.9,2.5,3.4,0,13.1
2010/6/11,28.8,18,2.5,3.1,0,13
2010/6/12,26.8,20.7,8.8,3.7,0,11.4
2010/6/13,22.4,19.7,10,5.1,37.5,0
2010/6/14,27,19.6,7.8,5.5,0,3.3
2010/6/15,24,24,10,4.7,44.5,0
2010/6/16,27.2,24.3,9.3,2.9,15,4.2
2010/6/17,30.2,23.7,10,2.7,0,9.8
2010/6/18,26,26.4,10,4.4,36.5,0
2010/6/19,26.9,26.6,10,3.3,0.5,0.6
2010/6/20,25.9,26,10,2.7,0,0
2010/6/21,26.7,24.9,10,3.1,0.5,0.3
2010/6/22,28.9,25.8,10,3,21,5.6
2010/6/23,25.5,25.2,10,2.7,31,0.3
2010/6/24,28.7,17.5,8,2.9,0,9.2
2010/6/25,25.6,21,10,3,9.5,0
2010/6/26,25.2,27.1,10,4,105.5,0
2010/6/27,26.8,29,10,3.6,15.5,0.3
2010/6/28,29.8,28.8,8,3.9,0.5,8.1
2010/6/29,31.7,27.6,10,3.5,9,4.5
2010/6/30,30,26.4,9.3,3.1,0,8.5
2010/7/1,31.2,26.6,9,2.7,0,4.8
2010/7/2,29.2,27.9,8.5,2.1,4,1.4
2010/7/3,26.4,28.9,10,2.7,65.5,0
2010/7/4,31.2,27.8,9.5,3.7,0,3.2
2010/7/5,30.4,25.8,8,3.4,0,5.7
2010/7/6,30.7,27.8,10,3,0,4.2
2010/7/7,29,26.4,8.3,2.2,0,4.4
2010/7/8,30.4,25.8,8,2.7,0,7.7
2010/7/9,26.1,25.6,9.8,2.3,13.5,0
2010/7/10,29.7,24.5,8.3,2.2,0,8.4
2010/7/11,27.3,28.7,10,4.1,3,0
2010/7/12,26.8,28.8,10,4.2,12.5,1.6
2010/7/13,26.9,28.6,10,2.6,41.5,0.1
2010/7/14,26.6,28.8,10,3,49,0
2010/7/15,29.3,28.3,10,3.3,53.5,0.9
2010/7/16,31.3,29.4,10,2.5,0,6.2
2010/7/17,30.9,27.6,7.5,3,0,12.4
2010/7/18,31.3,26.9,4.5,3.3,0,12.7
2010/7/19,31.3,27.6,5.3,3.3,0,12.8
2010/7/20,32.4,28.1,6.8,3.2,0,13.4
2010/7/21,32.1,28.3,5.8,3.4,0,11.2
2010/7/22,34.3,28.7,4,3.2,0,13
2010/7/23,34.8,29.4,1.5,2.8,0,13
2010/7/24,35.1,28.5,0.3,3,0,12.7
2010/7/25,35.5,29.1,7.8,2.9,0,12.5
2010/7/26,32.4,30.1,7.3,3.7,0,11.6
2010/7/27,31.4,28.4,7.8,3.5,0,11
2010/7/28,31.3,28.9,10,2.8,2,2.1
2010/7/29,27.4,29.5,10,3,67.5,0.2
2010/7/30,31.4,30.7,7.8,3.2,0,9.1
2010/7/31,32,31,10,3.4,0,5.2
2010/8/1,33.4,30.2,3.5,2.9,0,7.2
2010/8/2,34.4,30.3,2.3,2.8,0,11
2010/8/3,34.1,31.4,6.8,2.9,0,10.3
2010/8/4,34.6,29.6,4.3,3.7,0.5,11.3
2010/8/5,33.6,29.8,4.5,4.7,0,9.4
2010/8/6,33.1,28.6,3.8,3.4,0,12
2010/8/7,31.8,26.4,5.8,2.7,0,4
2010/8/8,33.1,26.5,8,2.7,0,11.7
2010/8/9,33.4,28.7,5.5,4.1,9,6.1
2010/8/10,31.3,30.9,10,3.2,1.5,3.1
2010/8/11,31.6,30.4,9.8,3.4,1.5,6.6
2010/8/12,32,30.8,9.5,4.6,27,2.4
2010/8/13,32.7,31,10,2.6,0,5.1
2010/8/14,31.2,33.7,10,3.8,0,1.1
2010/8/15,31.6,32.6,8.5,4.1,0,8
2010/8/16,34.3,31.3,5.5,3.7,0,11
2010/8/17,33.1,30.9,2.5,3.1,0,12.4
2010/8/18,35.9,28.9,2.5,2.8,0,12.3
2010/8/19,36.3,30.7,0.5,4.6,0,10.7
2010/8/20,35,31.6,4,3.2,0,10
2010/8/21,34,30.9,2.8,3.3,0,9.3
2010/8/22,34.5,32.3,7.5,2.8,0,9.6
2010/8/23,33.8,32.1,5,2.8,0,8.5
2010/8/24,33.5,32.4,4.5,3.3,0,10.5
2010/8/25,32.7,30.5,3.3,3.3,0,10.6
2010/8/26,33.1,28.8,4.5,3.1,0,11.3
2010/8/27,34.2,29.5,6.8,3.3,0,11.3
2010/8/28,35,27.5,5,4,0,12.3
2010/8/29,34.3,29,6.5,3.9,0,10.7
2010/8/30,32.1,29.7,4.5,2.8,0,8.9
2010/8/31,34.2,31.3,4.3,3.1,0,11.7
2010/9/1,33.3,29.6,7,3.4,0,9.8
2010/9/2,33.7,28.7,9.3,3.8,0,7.5
2010/9/3,34.3,30.2,3.8,3.3,0,10.5
2010/9/4,35,32.5,3.8,3.2,0,11.4
2010/9/5,34.3,30.5,6,2.9,0,10.9
2010/9/6,32.9,28.8,8.3,3.6,0,9.8
2010/9/7,31.8,31.4,9.8,4.1,6,4.5
2010/9/8,33,29.6,10,5.3,1.5,2.3
2010/9/9,30.7,21.9,3.8,2.6,0,11.3
2010/9/10,31.5,24.7,0.3,3.4,0,11.7
2010/9/11,32.5,30,6.5,2.9,0,8.7
2010/9/12,32.8,31.5,9.5,3.7,0,8.9
2010/9/13,33.1,26.2,7.8,4.3,0.5,4.6
2010/9/14,30.5,21.7,4.3,3.6,0,3.7
2010/9/15,29.1,22.2,9.8,3.4,0,0.7
2010/9/16,28,23.4,6.5,2.4,19,4.5
2010/9/17,30.8,18.4,4.5,3.3,0,8.8
2010/9/18,29.5,21.1,6.3,2.2,0,11.5
2010/9/19,30.5,22.5,7,2.7,0,8.1
2010/9/20,28.8,24.1,9,2.1,0,0.7
2010/9/21,32.5,28.2,9.5,3.3,0,6.8
2010/9/22,32.8,28.2,7,3.6,0,7.2
2010/9/23,27.7,20.5,9.3,3.4,12.5,0.5
2010/9/24,25.1,15.8,10,5,0,1
2010/9/25,26.5,15,7.3,4.1,0,5.4
2010/9/26,27.1,15.5,4.8,3.5,0,8.4
2010/9/27,26.3,19.4,9.5,5.5,33.5,0.9
2010/9/28,27.3,20.2,8,3.8,10,4
2010/9/29,25.6,13.5,8.3,3.6,0,8
2010/9/30,20.9,17.3,10,4.5,8,0
2011/5/1,19.5,16.4,10,2.4,8,0
2011/5/2,21.5,10.9,4.3,3.2,0,10.1
2011/5/3,19.4,10.4,9.8,2.5,0,0
2011/5/4,21.8,11,5.5,3,0,7.2
2011/5/5,21.4,9.5,5.8,3.7,0,7.6
2011/5/6,22,13.5,7.5,4.1,0,6.7
2011/5/7,24.7,16.2,8,5.4,3.5,8.5
2011/5/8,25,18.1,6.8,3.7,0.5,9.9
2011/5/9,24.7,16.4,9.5,3.9,0,8.5
2011/5/10,23.2,23.5,10,4.1,9.5,0.2
2011/5/11,22.2,23.4,10,3.6,57.5,0
2011/5/12,23,22.4,10,5.1,15.5,0
2011/5/13,22.6,13.5,6,5.4,0,11.3
2011/5/14,23.7,10,8,4.6,0,11.9
2011/5/15,23.6,10.6,5.8,2.8,0,12.2
2011/5/16,23.2,15.6,10,2.6,0,5.5
2011/5/17,23.6,15.1,7.5,2.6,0,8.3
2011/5/18,23.8,12.7,0,2.6,0,12.8
2011/5/19,24.5,15.9,3,3.5,0,10
2011/5/20,24.7,17.9,2,3,0,12.1
2011/5/21,25.4,21.7,9.5,3.2,0,3.6
2011/5/22,21.9,18.3,10,3.3,10.5,2.3
2011/5/23,17.6,14.8,10,4.8,31.5,0
2011/5/24,23.1,15.6,10,5.3,21.5,7.1
2011/5/25,23.9,15.3,10,3.2,0,10
2011/5/26,23.9,15.6,10,5.2,3,1.1
2011/5/27,20.6,16.2,10,8.2,6,0
2011/5/28,21.1,20.8,10,4.3,11,0
2011/5/29,23.2,20.3,10,8.2,84.5,0
2011/5/30,21.9,15.9,8.8,5.7,17.5,5.1
2011/5/31,22.2,15,8.5,2.8,0,3
2011/6/1,21.2,17.9,10,5.2,13.5,0
2011/6/2,22.7,19.1,10,3.9,0,1.9
2011/6/3,25.1,20.1,8.8,2.6,0,4.4
2011/6/4,25.5,21,10,3.1,0,9.5
2011/6/5,24,20.4,8.8,2.7,0,1.3
2011/6/6,26.4,17.2,7.8,2.3,0,11.3
2011/6/7,25.1,18.4,10,3,0,0.1
2011/6/8,26.3,19.6,10,4.7,2.5,4.9
2011/6/9,25.7,22.7,9.8,3.3,0,2.6
2011/6/10,24.5,24,10,2.1,30.5,0
2011/6/11,23.8,23.7,10,2.8,39.5,0.3
2011/6/12,23.2,21.4,10,2.8,10.5,0
2011/6/13,26.1,21.1,10,2.5,1.5,3.9
2011/6/14,25.2,19,9.3,2.7,0,5.6
2011/6/15,26.7,15.5,10,2.6,0,0.9
2011/6/16,21.7,20.6,10,5.3,25.5,0
2011/6/17,25.4,21.4,10,3.7,2.5,1.7
2011/6/18,23.8,24.1,10,1.4,18,0
2011/6/19,25.2,24.3,10,1.8,3,0.1
2011/6/20,24.9,25.4,10,2.8,12,0
2011/6/21,27.1,26.6,8.5,3.3,12,8
2011/6/22,28.7,27.5,10,3.3,0,3.7
2011/6/23,28.6,29.6,9.3,4.7,0,7.1
2011/6/24,29,30.1,8.8,5.1,0,7.1
2011/6/25,30.6,30.4,7.8,4.4,2,10.2
2011/6/26,31.1,29.1,10,2.7,8.5,3.7
2011/6/27,28.9,29.3,9.5,3.6,0.5,3.1
2011/6/28,30.6,29.6,3.8,4.6,0,12.5
2011/6/29,34,28.7,0.8,3.2,0,13.4
2011/6/30,33.6,27.5,8.8,2.9,0,6.1
2011/7/1,28.4,27.6,10,2.6,4.5,0.1
2011/7/2,29.9,27.7,10,2.8,0,1.3
2011/7/3,30.2,28.5,10,2.8,0.5,1.4
2011/7/4,29.2,29.2,10,3.9,24,0.6
2011/7/5,30.7,26.6,7.8,3.6,0.5,10.6
2011/7/6,30.6,26.5,8.3,3.4,7.5,5.5
2011/7/7,25.9,30.3,10,3.9,46,0
2011/7/8,30.5,31.5,9.5,4.1,0,9.7
2011/7/9,32,29.5,7.5,4,0,10.6
2011/7/10,32.7,27.9,4,3,0,13.7
2011/7/11,32.3,28.7,4.3,3.5,0,9
2011/7/12,29.6,28.8,9,2.2,4,3.2
2011/7/13,30.8,27,5.5,3.1,0,12
2011/7/14,31.5,26.7,3.8,3.1,0,11.5
2011/7/15,32.7,25,2.5,2.3,0,12.1
2011/7/16,32.4,27,1.5,3.1,0,13.4
2011/7/17,35.8,27.6,3.8,2.7,0,9.1
2011/7/18,29.5,30.7,10,8.7,23,0
2011/7/19,27.7,29,10,12.3,49,0
2011/7/20,32.5,29.1,10,7.9,0,2.1
2011/7/21,30.3,26.8,9.5,2.7,0,0.1
2011/7/22,26.1,26.3,10,2.1,3.5,1.9
2011/7/23,29.8,26.4,6.8,2.9,0,10.5
2011/7/24,30.6,25.2,6.3,3.2,0,7.4
2011/7/25,29.8,27.4,9.5,3,0,4.5
2011/7/26,30.2,27.6,8.5,3.4,0,7.9
2011/7/27,29.9,29,9.8,3.5,0,3.5
2011/7/28,30.7,29.9,10,3.3,0,8.1
2011/7/29,32,29,10,2.9,0,8
2011/7/30,31.6,29.2,7.8,2.6,0,6.8
2011/7/31,31.9,26.6,8.3,2.6,0,7.2
2011/8/1,32.6,27.2,9.5,4.3,0,8.4
2011/8/2,32.2,27.3,8.8,4.8,3,10.2
2011/8/3,33.3,26.5,6.8,4.2,0,11.8
2011/8/4,34.8,25.7,2,5.6,0,10.1
2011/8/5,30,29.2,7.5,5,2,0.9
2011/8/6,32.1,29.5,10,3.1,0,8.3
2011/8/7,31.7,28.9,9.5,2.9,0,11
2011/8/8,32.7,29.5,9,3,0,11.7
2011/8/9,34.7,30.2,6.3,2.7,0,11.9
2011/8/10,33.3,30.8,4.3,3.6,0,12.2
2011/8/11,34.3,30,8,3.6,0,10.3
2011/8/12,33.7,29.5,8.3,3.4,0,6.9
2011/8/13,35.2,30.1,5.8,3.1,0,11.3
2011/8/14,32.6,31.3,5.8,3.9,0,9.5
2011/8/15,33.6,30.1,9.5,3.4,0,7.6
2011/8/16,33.7,30.7,6.5,3.6,0,8
2011/8/17,32.7,31.9,7.8,4,0,4.6
2011/8/18,32.9,32.8,7.8,3.8,0,5.5
2011/8/19,32,26.2,9.3,3,0.5,2
2011/8/20,28.5,24.5,10,2.1,6.5,0.3
2011/8/21,26.7,27.1,10,2.1,7.5,0
2011/8/22,29.6,25.9,8.5,2.4,0,4.3
2011/8/23,30.5,29.6,10,2.7,4,2.1
2011/8/24,32.6,28.6,8.8,2.8,0,7.1
2011/8/25,30.7,30.2,10,2.7,4,1.9
2011/8/26,31.8,28.9,9.8,2.8,0,9
2011/8/27,33.4,30,7.5,2.7,45,4.6
2011/8/28,33.4,28.5,5.3,3.5,0,11.1
2011/8/29,34.2,27.1,4.3,3.3,0,11
2011/8/30,34.5,24.6,7.5,5.4,0,8.8
2011/8/31,33.5,27.2,9,9.2,2,5.6
2011/9/1,30.4,30,10,9.3,4.5,0.1
2011/9/2,29.6,28.9,10,14.6,8.5,0
2011/9/3,28,28.8,10,11.1,104.5,0
2011/9/4,26.1,29.2,10,4.4,88,0
2011/9/5,27.5,25.8,9.8,3,0.5,0.6
2011/9/6,28.3,18.4,3.5,3,0,9.4
2011/9/7,29.5,17.8,0.3,2.6,0,12.3
2011/9/8,30.1,21.3,4.3,3.2,0,11.5
2011/9/9,31.2,27.6,9,3.9,0,6.1
2011/9/10,31.8,29.3,3,3,0,11.4
2011/9/11,31.7,28.1,6,3.1,0,10.6
2011/9/12,32.6,26.2,5.8,3.7,0,10.5
2011/9/13,32,27.7,6.5,2.9,0,9
2011/9/14,33.2,28.6,4,2.5,0,11.5
2011/9/15,34.3,26.3,3.3,3.8,0,10.5
2011/9/16,33.4,27.8,9.3,6.6,9.5,3.1
2011/9/17,30.5,30.1,9.8,3.4,7.5,1.3
2011/9/18,30.8,28.7,9.8,3.7,0,8.9
2011/9/19,30.5,26.9,10,3.3,11.5,3.9
2011/9/20,26.2,27.1,10,5.4,124.5,0
2011/9/21,25.4,24.7,10,7.3,59.5,0
2011/9/22,24.8,17.5,8.5,3.8,3,3.4
2011/9/23,24.7,13.2,3,3.1,0,8.9
2011/9/24,24.5,14.4,2.8,2.9,0,11.1
2011/9/25,27.4,17.9,7.5,4.6,0,5.2
2011/9/26,25.1,18,10,6.1,0,0.6
2011/9/27,27.5,16.6,4,2.9,0,10.7
2011/9/28,27.2,17.2,5,3,0,10.6
2011/9/29,26.7,20.5,9.8,3.8,0,7.7
2011/9/30,26.9,23.8,10,4.5,3.5,0.2
2012/5/1,25,16.9,9,9.3,0,1.8
2012/5/2,21.3,18.2,10,11,9,0
2012/5/3,22.1,16.3,7.8,4.5,0,0.3
2012/5/4,22.4,12.5,7.8,4.5,0,0.9
2012/5/5,23,13.2,0.8,2.8,0,12
2012/5/6,23.9,12,5,3.7,0,5.5
2012/5/7,22.3,12.7,9,2.9,0,1.8
2012/5/8,23.6,14.1,9.5,2.4,0,4.2
2012/5/9,24.1,16.7,6.8,2.4,5,3.2
2012/5/10,22.4,10.7,1.8,4.2,0,11.2
2012/5/11,19,8.8,9.5,4.2,0,3.1
2012/5/12,17.7,8.4,6.8,4.1,0,6.2
2012/5/13,19.9,9.3,8.3,1.9,0,10.2
2012/5/14,23.3,12.8,9,3.5,0.5,8.7
2012/5/15,19.1,16.8,10,4.1,4.5,0
2012/5/16,22.9,14.4,4.8,2.7,0,10.8
2012/5/17,25.6,14.8,9.5,3.1,0,8.4
2012/5/18,23.7,9.8,5.3,4.1,0,9.3
2012/5/19,24.6,9.5,7.3,2.9,0,9
2012/5/20,23.5,13.7,10,3.1,0,0
2012/5/21,26,13.5,9,7.5,0,4.4
2012/5/22,24.6,13.8,7.5,4.4,0,0.9
2012/5/23,25.1,13.5,6,2.2,0,6.8
2012/5/24,25.6,11.9,8,2.2,0,2.6
2012/5/25,21.2,15.8,10,1.8,0.5,0
2012/5/26,25.4,14.5,9.3,2.4,0,6.5
2012/5/27,26.7,15.3,2.8,3.1,0,12.6
2012/5/28,25.7,18.6,6.8,3.1,0,10.3
2012/5/29,25.1,15.9,8.3,3.4,5.5,3.4
2012/5/30,23.4,13.5,8,2,0,4.7
2012/5/31,25.1,16.1,10,3.9,0,6.6
2012/6/1,26.4,18.1,10,2.6,0,11.4
2012/6/2,25.9,16,10,3,0,0
2012/6/3,26.5,16,7.5,5.2,0,1.1
2012/6/4,24.4,17,7.8,3.4,0,4.5
2012/6/5,22.5,16.9,10,4,0,0
2012/6/6,29.2,16.4,7.8,4.6,0,7.7
2012/6/7,27.8,16.9,9.3,2.6,0,7.1
2012/6/8,25.9,20.5,10,3.2,13.5,0
2012/6/9,23.7,20.1,9.5,4.8,1,1
2012/6/10,26.2,16.2,7,4,0,4.5
2012/6/11,25.8,18.3,9.3,3.3,0,6
2012/6/12,22.6,18.1,10,9.4,3,0.1
2012/6/13,25.7,17.2,9.3,2.6,0,2.3
2012/6/14,29.2,18.4,5.3,3.8,0,13
2012/6/15,26.7,19,10,4,2,3.6
2012/6/16,24.3,24.5,10,5.2,51,0
2012/6/17,27.3,23.2,10,2.8,3,7.3
2012/6/18,27.9,21.6,10,2.1,0,1
2012/6/19,26.9,24.5,10,8.6,16,0
2012/6/20,26.1,21.5,9.8,3.8,0,2
2012/6/21,22.8,19.7,10,5.5,58,0
2012/6/22,26.5,18.1,9.8,3.8,36,6.1
2012/6/23,25.5,17,10,2.7,0,4.4
2012/6/24,26.6,20.2,10,2.7,1,1.4
2012/6/25,28.6,20.9,9.3,5.1,4,6.3
2012/6/26,29.2,19,8.5,5.7,0,9.3
2012/6/27,26.1,15.3,10,4.5,0,0.2
2012/6/28,28.4,19.1,7.8,9.1,0,4.2
2012/6/29,28.1,20.7,5.3,4.2,0,13.2
2012/6/30,27,25.2,10,1.7,16,0.6
2012/7/1,27.7,27.3,10,3.3,19,0.6
2012/7/2,30.1,23.5,9.3,2.8,0,11.2
2012/7/3,26.1,26,10,2.8,46,0
2012/7/4,29.6,24.4,9.8,2.8,0.5,5.8
2012/7/5,25.2,25.3,10,2.5,3,0
2012/7/6,27.7,27.8,10,3,19.5,0.1
2012/7/7,28.4,22.1,7,4.2,58,3.9
2012/7/8,28.8,18.8,6.8,2.4,0,5.7
2012/7/9,29.9,21.2,5.3,3.7,0,11.4
2012/7/10,29.7,23.5,7,2.9,0,9.7
2012/7/11,30,24.4,9.3,2.3,6,3.6
2012/7/12,26.7,29.1,10,4.6,33.5,0
2012/7/13,29.8,28.7,10,3,5,0.6
2012/7/14,29.6,28.1,10,3.2,0,1.3
2012/7/15,30,29.9,10,3.7,0,2.1
2012/7/16,30.8,28.1,7.8,3.9,0,12.3
2012/7/17,32,27.1,1.3,3.1,0,13.4
2012/7/18,31.7,26.6,6.3,3.6,0,13.4
2012/7/19,30.6,28.9,9.8,3.8,0,7.4
2012/7/20,29,29.1,10,2.2,33,0.9
2012/7/21,30.2,28.1,9.8,3.2,7.5,5
2012/7/22,31.4,25.7,5.5,4.1,0,10.8
2012/7/23,30.3,26.1,9.3,3.7,0,5.4
2012/7/24,31.1,27.8,10,2.7,0,6.8
2012/7/25,32.2,28.7,8,2.8,0,8.8
2012/7/26,34,28.3,9.3,3.5,0,10.7
2012/7/27,34.2,27.9,3,3.4,0,12.5
2012/7/28,35,28.7,3.5,3,0,9.9
2012/7/29,32.9,28.9,8,2.8,0,10.8
2012/7/30,33.1,28.1,6,3.4,0,12.1
2012/7/31,36.9,22.9,4.5,5.3,0,13.1
2012/8/1,35.1,26.1,3,8.1,0,8.6
2012/8/2,34.5,26.8,3.5,4.9,0,11.9
2012/8/3,36.7,25.2,2.5,3.6,0,12.9
2012/8/4,35.4,24.8,3,8.3,0,11.7
2012/8/5,33.6,27,6,5.5,0,4.5
2012/8/6,34.4,27.5,9.3,3.6,0,8.2
2012/8/7,32.7,26.2,5.8,2.7,0,8.3
2012/8/8,33.8,19.7,0.8,3.1,0,12.7
2012/8/9,32.4,20.8,5.5,2.9,0,12.6
2012/8/10,31.6,26.2,8.3,3.9,0,10.4
2012/8/11,31.9,29.1,9.5,2.3,0,0.5
2012/8/12,31.8,28.6,9.8,3.3,0,9.5
2012/8/13,30.6,31.4,10,4,0,3.7
2012/8/14,29.2,30.2,10,2.4,32,0.3
2012/8/15,31.4,28.6,9.5,2.3,0,2.7
2012/8/16,32.4,28.2,6.5,2.9,0,11.3
2012/8/17,35.2,28.7,5,2.9,0,10.7
2012/8/18,33.5,27.9,6.3,3.3,0.5,8.3
2012/8/19,33,26,2,4,0,12
2012/8/20,33.5,24.4,4.8,4,0,12.6
2012/8/21,33.1,26.5,5,4.1,0,12
2012/8/22,32.9,27.2,7.3,3.2,0,10.4
2012/8/23,34.5,26.8,8,4,0,11.5
2012/8/24,33,26.1,4,3.6,0,8.9
2012/8/25,36.1,25.5,2.8,3.4,0,11.5
2012/8/26,35.4,25,3.3,4.7,0,11.1
2012/8/27,33.8,25.5,7.5,4.5,0,9.1
2012/8/28,34.2,25.3,8.8,4.4,0,7.3
2012/8/29,29.6,27.9,10,2.7,0,0.1
2012/8/30,32.1,29,9.3,3.2,1,8.5
2012/8/31,32.9,26.8,8.3,3.1,0,8.9
2012/9/1,31.9,26.8,9,2.5,38,6
2012/9/2,31.2,24.7,9.3,3.1,2,5
2012/9/3,31.2,24.3,7.8,4.2,0,9.6
2012/9/4,30.7,27.3,9.3,2.5,0,7.7
2012/9/5,31.4,27,10,2.9,0,7.8
2012/9/6,30.1,26.1,8.8,2.6,0,4
2012/9/7,32.7,25,3.3,2.9,0,11.8
2012/9/8,29.9,26.2,9.5,2.5,0,0.7
2012/9/9,30.9,25.7,8.8,3.1,0,4.4
2012/9/10,29.2,26.4,9.5,2.6,14.5,0.7
2012/9/11,29.6,25.1,9.5,2.4,7.5,3.1
2012/9/12,30.8,21.6,2,3,0,11.5
2012/9/13,31.4,26.4,5.8,3.1,0,9.3
2012/9/14,30.7,25.4,8.8,3.1,0,3.7
2012/9/15,32.6,24.5,6.3,3.4,0,8.6
2012/9/16,33.2,25.1,6,6.7,0,8.4
2012/9/17,34.3,25.9,8,5.4,5.5,7.3
2012/9/18,27.2,28,10,3.9,37,0
2012/9/19,29.8,20.9,5.5,3.3,0,10.4
2012/9/20,28,16.3,10,2.8,0,3.8
2012/9/21,28.7,17.9,7.5,3,0,7.8
2012/9/22,28.4,19.5,8,2.6,1,5.9
2012/9/23,25.6,18.4,7.3,2.7,7.5,2.9
2012/9/24,27.2,17.1,8.5,2.8,0,4.4
2012/9/25,29.2,16.9,2.3,3.4,0,8.6
2012/9/26,29.9,16.3,1,4.6,0,10
2012/9/27,29.6,16.5,0.3,3.6,0,11.1
2012/9/28,28.2,17.5,0.8,2.6,0,11.3
2012/9/29,25.9,20.6,10,2.2,3.5,0.7
2012/9/30,23.7,19.9,10,8,27,0
2013/5/1,17.5,8.1,7.3,4.8,0,7.3
2013/5/2,15.9,7.6,6.3,3.3,0,6.8
2013/5/3,17.6,8.8,3.8,3.6,0,8.6
2013/5/4,21,9.5,9.5,3.3,0,8.7
2013/5/5,20.6,10.1,0.5,2.8,0,12.7
2013/5/6,23.3,11,0,3.2,0,12.3
2013/5/7,19.2,7.8,4,5.2,0,11.3
2013/5/8,20.1,8.5,0.5,3,0,12.9
2013/5/9,27.3,8.8,4.5,2.3,0,10
2013/5/10,21.5,14.8,10,2.1,41.5,0
2013/5/11,18.7,18.9,10,2.6,7,0
2013/5/12,24.7,13.6,2.8,2,0,12.4
2013/5/13,25.2,15.3,1.3,3.4,0,12.8
2013/5/14,26,16.9,3,3.1,0,12.4
2013/5/15,24.9,17.2,10,3.3,0,8.3
2013/5/16,23.3,13,9.8,3.9,0,7.6
2013/5/17,24,11.8,7.5,3.7,0,12.8
2013/5/18,24.9,13.9,8.8,3.5,0,10.1
2013/5/19,22.9,15.5,10,4.6,12,1.3
2013/5/20,24.4,18.6,9.3,3.1,0,7.3
2013/5/21,25.9,18.3,4.3,2.7,0,9.5
2013/5/22,28.9,17.7,5.5,2.8,0,11.3
2013/5/23,29.1,10,8,3.7,0,12.6
2013/5/24,28,11.2,2.3,2.9,0,13.6
2013/5/25,26.4,15.6,5,3.7,0,11.1
2013/5/26,27,16.1,9.5,3.5,0,11.9
2013/5/27,24.9,16.2,10,3.1,0,0.3
2013/5/28,25,17.9,10,5.2,3.5,0.1
2013/5/29,24.1,21.7,10,4.7,1.5,0
2013/5/30,26.2,21,9.8,3.3,1.5,0.6
2013/5/31,27.6,14.7,7.5,2.3,0,8.5
2013/6/1,26.6,13.5,9.5,4.7,0,1.8
2013/6/2,25.1,15.4,9.5,3.7,0,0.1
2013/6/3,27.1,17.7,6.3,3,0,8.9
2013/6/4,27.9,18.9,5,3.1,0,12.2
2013/6/5,26.3,19.1,8,2.9,0,10.4
2013/6/6,28.4,16.7,10,4.4,0,2.2
2013/6/7,29.9,14.6,5,4.2,0,12.2
2013/6/8,27.3,14.6,7,3.2,0,10.4
2013/6/9,25.3,17.7,10,2.9,0,0
2013/6/10,29.2,17.4,9.8,3.6,0,3.3
2013/6/11,30.2,19.7,10,8.2,0,3.5
2013/6/12,32.1,21.4,3.5,8.8,0,12
2013/6/13,36.3,22.5,3,3.2,0,12.2
2013/6/14,33,22.1,5.8,3,0,12.4
2013/6/15,26.3,26.2,10,1.7,39.5,0
2013/6/16,29.6,23.8,4.5,2.5,0,7.9
2013/6/17,28.9,25.1,9,3.3,0,8.2
2013/6/18,28.7,25.2,10,3.5,0,5.6
2013/6/19,25.5,26.5,10,4.1,53.5,0
2013/6/20,22.4,22.8,10,2,80,0
2013/6/21,22.4,21,10,1.9,15.5,0
2013/6/22,25.3,19.1,9.5,2.2,0,5
2013/6/23,24.1,21.7,10,1.7,0,0.2
2013/6/24,26.6,21,10,2.7,3,5.8
2013/6/25,27.5,23,10,2.5,0,1.5
2013/6/26,23.2,23.4,10,5.8,42,0
2013/6/27,27.5,21.4,9.8,3,0,2.2
2013/6/28,28.6,20.1,10,6.3,0,1.4
2013/6/29,28,20.2,6.8,4.2,0,12.2
2013/6/30,29,21.3,9,3.7,0,3.5
2013/7/1,28.4,20.9,5.3,4.5,0,12.5
2013/7/2,27.2,20.6,10,3.6,0,3.3
2013/7/3,26,25.1,10,2.7,16,0
2013/7/4,26.6,27.9,10,2.3,2.5,0.1
2013/7/5,28.3,30.1,10,4.1,2.5,2.7
2013/7/6,28.4,30,10,4.2,10,1.2
2013/7/7,31.2,30.1,7,3.8,0,9.3
2013/7/8,30.9,29.9,3.3,4,0,12.2
2013/7/9,31.8,27.8,0.3,4,0,13.5
2013/7/10,32.2,28.2,7,4.1,0,13
2013/7/11,30.9,28.7,5.3,4.3,0,12.4
2013/7/12,30.6,28.6,5.3,4.4,0,12.4
2013/7/13,33.2,28.7,9.5,3.7,0,5.3
2013/7/14,33.7,27.3,9.5,2.9,1,5.2
2013/7/15,29.1,27.4,10,2.8,5,1.3
2013/7/16,31.6,26.4,9,2.1,0,3.4
2013/7/17,30,26.5,9.3,3.4,0,7.4
2013/7/18,32.3,26.7,6.3,4.3,0,8.4
2013/7/19,31.1,20.1,8.3,3.5,0,8.8
2013/7/20,31,20.9,9.8,3.3,0,12.1
2013/7/21,31,26.8,8.8,3.1,0,12.1
2013/7/22,32.9,28,8.3,2.9,1.5,5
2013/7/23,33.3,27,8.8,2.8,0,9.7
2013/7/24,32.1,27.8,9,3.1,3.5,5
2013/7/25,34.8,27.9,4,3.1,0,9.9
2013/7/26,33.7,29.6,9.5,3.1,0,8.2
2013/7/27,32.6,26.5,6.8,3.3,0,5.7
2013/7/28,31.8,26.8,8.3,2.9,0,3.7
2013/7/29,28.6,29,10,2.4,1.5,0
2013/7/30,33.1,30.1,9.5,4.2,0,5.4
2013/7/31,32.4,29.9,8,2.4,0,4.9
2013/8/1,33.4,30.2,9,3,0,2
2013/8/2,33.6,25.2,4.5,3.5,0,10.1
2013/8/3,32.1,24.5,5.8,3.1,0,6.8
2013/8/4,31.6,27.6,8.5,3.3,0,5.2
2013/8/5,32.5,30.4,8,3.4,0,8.2
2013/8/6,34,29.7,6.5,3.1,3.5,6.4
2013/8/7,33.9,28.8,4.8,2.7,0,8.7
2013/8/8,35.3,30.1,8.8,2.8,0,8.7
2013/8/9,34.3,31.1,10,3.3,0,9.6
2013/8/10,35.8,30.9,6.8,3,0,11.3
2013/8/11,37.2,30.9,1.8,3,0,11.3
2013/8/12,36.1,26.3,1.8,3.3,0,11.3
2013/8/13,35.6,20.5,0.3,3.1,0,12.5
2013/8/14,35.9,22.4,0.3,3.3,0,12.5
2013/8/15,33.3,29.8,4.5,3.2,0,10.6
2013/8/16,34,28.9,5,2.9,0,10.5
2013/8/17,33.1,27.8,3,3.3,0,11.6
2013/8/18,34.4,27.6,7.5,3,0,11.5
2013/8/19,34.5,29.2,4.3,3.4,0,11
2013/8/20,35.1,30,5.8,3.3,0,11.6
2013/8/21,33.8,31.6,6.5,3.3,0,10.2
2013/8/22,34.8,31.3,6.8,3.7,0,8.6
2013/8/23,33.2,31.4,8.5,4.1,7.5,6.6
2013/8/24,28.1,29.9,10,3.1,6.5,0
2013/8/25,29.6,27.1,8.8,2.9,100.5,1.8
2013/8/26,27.2,22,10,2,0,3
2013/8/27,31.6,20.1,3,2.8,0,9.8
2013/8/28,30.3,21.7,7.8,2.2,0,4.9
2013/8/29,31,26.5,6.3,2.9,0,7
2013/8/30,31.3,30.2,10,3.8,7,3.1
2013/8/31,30.4,31.9,10,4.6,3,2.3
2013/9/1,27.2,27.3,10,3.7,16,0
2013/9/2,26.2,28.1,10,2.2,18.5,0
2013/9/3,29.2,26.1,8.8,3.4,19,0.4
2013/9/4,28.2,23.4,9.8,6,59,0.6
2013/9/5,27.9,21,9.5,2.7,0,1.8
2013/9/6,28.1,21,8.8,2.6,0,9.2
2013/9/7,25.3,24.4,10,2.6,13,0
2013/9/8,26.5,24.5,9.5,2.1,9,1.4
2013/9/9,29.4,19.8,6.3,2.4,0,11.8
2013/9/10,30.5,22,2.3,3.6,0,11.4
2013/9/11,29.9,24.2,6.8,3.8,0,7.9
2013/9/12,30.2,27.1,6.3,2.6,0,7.3
2013/9/13,32,27.1,1.3,2.7,0,10.7
2013/9/14,32.9,26.6,10,4.4,0,4.5
2013/9/15,28.2,26.1,10,9.1,97.5,0.2
2013/9/16,27.6,18.1,7,8.6,36,6
2013/9/17,27.8,15.2,0,2.8,0,11.9
2013/9/18,29.6,17.2,0,2.9,0,11.7
2013/9/19,29.8,19,0,1.9,0,11.6
2013/9/20,29.3,18.2,0,3.5,0,11.6
2013/9/21,29.7,20.1,4.8,3.1,0,11.4
2013/9/22,31.5,19.2,7.3,3.9,0,9.9
2013/9/23,30.6,19.3,0.5,4,0,10.8
2013/9/24,31.3,19.1,1.3,5.9,0,10.1
2013/9/25,32.5,20.8,3,4.7,0,11.1
2013/9/26,26.3,13.1,4.5,5.3,0,8.4
2013/9/27,24.9,12.2,0.5,3.2,0,11.6
2013/9/28,29.3,14.8,4,6.3,0,11.3
2013/9/29,27.3,17.8,3.5,4.6,0,11
2013/9/30,27.8,16.1,8.3,3.6,0,6.1
2014/5/1,22.8,14.7,8,3.2,0,8.7
2014/5/2,22.2,14.5,1.5,3.5,0,12.3
2014/5/3,24.6,11.5,5,4.4,0,9.7
2014/5/4,23.1,9,6.8,2.3,0,11.7
2014/5/5,18.8,13.8,10,2.5,1.5,0
2014/5/6,20,8.2,9.8,3.3,0,12
2014/5/7,22.6,8.7,1.5,2.5,0,12.7
2014/5/8,22.2,12.7,8.3,3.3,2,9.7
2014/5/9,24.2,12.9,6.3,3.6,0,9.6
2014/5/10,23.4,8.8,1.3,3.9,0,11.6
2014/5/11,23.1,12.8,4,4.5,0,12.4
2014/5/12,20.6,14.9,10,3.9,14.5,0.7
2014/5/13,24.9,15.8,4.5,3.7,3,10.6
2014/5/14,24.9,15.6,10,2.4,1.5,2.5
2014/5/15,18.7,15.3,8.5,4.7,1.5,0.2
2014/5/16,24.7,11.7,3.3,4.2,0,10.7
2014/5/17,22.5,11.3,5.8,2.8,0,12.2
2014/5/18,24.4,10.8,6.5,2.6,0,13.3
2014/5/19,25.3,13.7,6.3,3.1,0,9.5
2014/5/20,24.2,16.9,10,4.8,13,4.3
2014/5/21,22.8,14.2,6.3,6.5,19,4.2
2014/5/22,23.9,13.4,3.3,3.4,0,5.6
2014/5/23,23.2,12.9,5.3,2.5,0,5
2014/5/24,23.5,15.5,7.5,3.5,0,12.4
2014/5/25,25.3,18.1,9.3,3.6,0,8.8
2014/5/26,21.2,18.6,10,3,29,0
2014/5/27,24.7,17.7,9,2.7,0,4.7
2014/5/28,27,15.3,4.3,2.8,0,13.1
2014/5/29,26.3,17.7,3.3,2.9,0,10.6
2014/5/30,27.5,20.4,7.5,3,0,10.3
2014/5/31,30.2,20.8,3.3,2.9,0,11.6
2014/6/1,31.5,18.4,3,2.3,0,12.7
2014/6/2,27.8,19.1,9.8,3.7,0,6.9
2014/6/3,27.7,18,8.8,3.3,0,4.7
2014/6/4,27,17.8,10,7.9,8,0.3
2014/6/5,26.2,17.9,9,12.5,1.5,5.9
2014/6/6,27.3,20.7,10,6.3,16,1
2014/6/7,26.4,21.9,10,2.7,4.5,1.8
2014/6/8,27.6,20.5,8.3,3.2,0,8.8
2014/6/9,29.4,22.2,7.5,3.2,0,9.3
2014/6/10,27.7,21.9,10,3.2,0.5,3.2
2014/6/11,26.9,20.6,10,6.3,0.5,0.1
2014/6/12,26.2,20.4,8.5,2.9,0,2
2014/6/13,25.8,16.7,6.8,3.4,0,6
2014/6/14,26.8,17.5,10,3.1,0,10.8
2014/6/15,29,18.3,8.5,3.2,0,10.2
2014/6/16,28.5,17.9,9,2.6,0,9.3
2014/6/17,26,17.5,10,2.5,0,0.2
2014/6/18,24.2,17.7,10,4.3,0.5,0.2
2014/6/19,27,18.9,1.8,2.7,0,12.9
2014/6/20,26.5,21.1,8.5,3.1,0,7.8
2014/6/21,26.7,21.9,10,2.9,1,1.5
2014/6/22,24.6,20.8,10,3.3,7.5,0.3
2014/6/23,27.1,18.4,10,2.3,0,6.1
2014/6/24,28.5,18.9,6,3.5,0,10.7
2014/6/25,29.7,19.5,5.3,3.5,0,10.9
2014/6/26,28.6,22.6,10,3.4,0,7.6
2014/6/27,26.8,21.8,10,3.4,0,0.3
2014/6/28,29.5,22.6,10,5.9,5.5,1.1
2014/6/29,28.3,22.8,8,3,0,7.3
2014/6/30,28.4,20.2,8.3,2.5,0,4.9
2014/7/1,30,20.9,4,2.9,0,12.6
2014/7/2,28.8,20.7,9.3,3.3,0,7.6
2014/7/3,25.2,22.4,10,5.1,17.5,0
2014/7/4,29.2,23.3,10,4,0,3.6
2014/7/5,26.1,22.2,8,2.8,3,0.9
2014/7/6,27.6,23.7,10,2.3,19,0.9
2014/7/7,26,26.1,10,3,6,0
2014/7/8,29.4,29.2,9.8,2.5,0,0.8
2014/7/9,30.1,29.3,10,2.6,2,1.6
2014/7/10,27.8,28.6,10,4,11.5,0.3
2014/7/11,31.5,26.5,7.8,4.1,0,8.3
2014/7/12,32.2,21.1,8,3,0,8.6
2014/7/13,27.9,26,10,3,6.5,0
2014/7/14,28,28.4,9.3,2.9,3.5,2.2
2014/7/15,30.4,26.4,9.8,3,0,10.4
2014/7/16,30.5,28.3,9.8,4.3,0,9.2
2014/7/17,33.8,27,9.5,3.4,0,10
2014/7/18,32.3,27,9.8,3.1,0,6.9
2014/7/19,31.2,24.9,9.5,2.7,0,3.8
2014/7/20,29.7,25.3,8.5,2.5,0.5,6.7
2014/7/21,30.6,26.4,7.5,3,0,10.9
2014/7/22,30.7,27.5,8.5,3.4,0,7.8
2014/7/23,32.3,28,10,3.6,0,7.4
2014/7/24,33.8,28.5,7.8,3.3,0,10
2014/7/25,35.6,28.5,0.5,3.2,0,13
2014/7/26,32.6,29.7,1.5,4.1,0,12.6
2014/7/27,32.2,26.8,7,3.4,0,4.1
2014/7/28,31.3,20.2,6.8,3.1,0,11.7
2014/7/29,32.7,24.2,5.5,4.6,0,11.9
2014/7/30,34.4,26.7,5.5,4.6,0,7.7
2014/7/31,33.6,28.3,7.3,3.2,0,12.3
2014/8/1,32.9,26.4,10,3.3,0,1.7
2014/8/2,29.1,28.9,10,1.6,16.5,0
2014/8/3,28.8,27.9,10,2.5,8.5,0
2014/8/4,28.3,29.5,10,2.8,4.5,0
2014/8/5,31.1,30.7,9.8,3.7,1.5,2.6
2014/8/6,30.5,30.2,9.5,4.3,4.5,4.8
2014/8/7,31.6,29.4,8.3,3.5,0,9.2
2014/8/8,33,25.9,9.8,6.4,26,2
2014/8/9,27,25.5,10,12,116.5,0.1
2014/8/10,27.6,28.6,10,9.3,125.5,0
2014/8/11,30.6,25.2,9.3,3.7,0,5.7
2014/8/12,29.8,26.7,10,2.6,10,2.5
2014/8/13,31,27.4,10,2.6,0,5
2014/8/14,31,30.6,9.3,3.3,0.5,6.3
2014/8/15,28.8,32,10,4.2,4.5,1.6
2014/8/16,28.3,32.2,10,3.5,12,0
2014/8/17,31.2,30.5,8.5,3.4,0,4.8
2014/8/18,31.9,29.2,9.8,3.4,0,7.8
2014/8/19,31.6,30.6,6,3.5,0,9.2
2014/8/20,32.2,29,9.5,3.9,0,7.6
2014/8/21,31.3,27.6,10,3.3,0,3.8
2014/8/22,30.3,27.6,9.8,3.2,0,2.9
2014/8/23,30.9,28.2,8,3.4,0,7.6
2014/8/24,30,27.7,10,4.2,3,0.8
2014/8/25,31.3,28.4,10,2.7,0.5,4.1
2014/8/26,31.2,27.4,10,3.8,0,2.9
2014/8/27,32,24.2,9.5,3.4,0,4.4
2014/8/28,26.8,21.9,10,3.3,13,0.3
2014/8/29,28.2,20.9,10,3.3,4.5,2.5
2014/8/30,29,21.3,7.3,2.9,2,8.9
2014/8/31,30.3,21.4,9.8,5.2,0.5,6.2
2014/9/1,25.3,23.3,9.3,5,6,0.5
2014/9/2,29.9,23.9,8.3,2.5,0,7.7
2014/9/3,29.8,23.3,10,5,0,1.4
2014/9/4,27.8,26.3,10,3.9,6.5,1
2014/9/5,28.3,29.1,10,2.8,0,3.6
2014/9/6,31.1,26.5,9.5,3.2,4,4.8
2014/9/7,29,21.5,5.8,2.1,1,9.6
2014/9/8,29.9,18.3,5.5,5,0,6
2014/9/9,31.1,18.5,2.5,2.7,0,11
2014/9/10,29.4,19.5,9.5,3.5,0,7.1
2014/9/11,28.2,18.8,6.8,3.2,51.5,6
2014/9/12,28,14.5,7.8,3.2,0,8
2014/9/13,27,15.4,3.3,3.3,0,9.3
2014/9/14,28.3,16.4,2.8,3.3,0,10.9
2014/9/15,27.3,17.6,9.5,3.2,0,3.3
2014/9/16,29.8,19.8,7.3,3.6,1.5,9.3
2014/9/17,27.6,16.4,7.5,3.2,0,4.8
2014/9/18,26.7,13,9,3.3,0,3.5
2014/9/19,23.3,13.1,10,2.7,0,0
2014/9/20,23.5,14,9.8,3,0,0
2014/9/21,27.2,15.3,9.5,2.2,0,10.2
2014/9/22,29,13.9,7,4.4,0,9.4
2014/9/23,27.7,15.3,3.3,3.4,0,10.9
2014/9/24,27.1,21.6,10,4.5,38,0
2014/9/25,29.1,22.7,8.3,3.9,18.5,3.3
2014/9/26,27.9,16.8,6.3,3.6,0,8.6
2014/9/27,29.5,15.4,5.8,5.2,0,11
2014/9/28,28.7,15,0,3.6,0,10.8
2014/9/29,27.5,16.9,0,2.9,0,10.9
2014/9/30,27.6,17.2,7.5,2.6,0,4.2
2015/5/1,26.2,15.3,0.3,2.8,0,12.5
2015/5/2,24.7,17.1,3,3,0,12.3
2015/5/3,24.7,16.3,10,3.4,3.5,3.5
2015/5/4,23,18.1,9,3.4,2,0.9
2015/5/5,22.4,8.5,1.5,3.2,0,11.6
2015/5/6,23.3,14.2,10,3.7,0,10
2015/5/7,23.9,14.3,9.5,3.1,0,4.3
2015/5/8,25.2,14.7,5.8,2.7,0,9.9
2015/5/9,20.7,16.2,8.8,1.7,1,0.1
2015/5/10,24.2,9.7,1.3,3.4,0,12.3
2015/5/11,22.1,11.1,8,3.5,0,10.5
2015/5/12,23.5,15.9,10,5.4,52.5,0.6
2015/5/13,23.6,13.4,2.5,4.1,0,12.8
2015/5/14,24.4,14.1,5,2.8,1,5.7
2015/5/15,26.7,20.6,9,3.4,0,8.3
2015/5/16,23.4,19.9,9,2.3,15.5,0.1
2015/5/17,25.8,10.7,10,2.3,0,10.5
2015/5/18,24.1,13.7,10,3.3,10.5,2.5
2015/5/19,25.2,20.6,7.3,3,9.5,6
2015/5/20,26.7,15.7,5,3.6,4.5,12.7
2015/5/21,22.5,11.3,2.3,3.5,0,13.5
2015/5/22,24.8,13,7.5,3,0,9.4
2015/5/23,23.2,15.6,10,2.6,0,0.4
2015/5/24,26.8,14.5,6.3,2.8,0,9.6
2015/5/25,26.2,16.2,6,2.6,0,9.7
2015/5/26,28,16.3,1.3,3,0,13
2015/5/27,30.9,13.3,3.5,2.6,0,12.9
2015/5/28,30.3,15.7,10,3.4,0,7.3
2015/5/29,30.7,16.3,6.3,6.4,0,5.3
2015/5/30,26.9,18.4,6.3,3.7,0,8.7
2015/5/31,28.4,15.1,7,3.5,0,7.8
2015/6/1,28.5,15.5,5.8,2.9,0,11.4
2015/6/2,27.3,22.3,10,3.8,1,4.3
2015/6/3,23.2,21.1,8.3,3.1,49,0
2015/6/4,27.1,11.2,4.3,4.2,0,12.6
2015/6/5,20.1,12.1,10,5.8,15,0.1
2015/6/6,23.7,14.2,7.3,2.9,1,4.1
2015/6/7,24.7,15.7,5.5,2.8,0,7.9
2015/6/8,24.8,18.4,10,8.2,3.5,0
2015/6/9,23.1,21.7,10,3.3,22.5,0
2015/6/10,27,19.2,10,2,0,11.3
2015/6/11,24.9,20.5,10,4.9,6.5,0
2015/6/12,26.7,23,5.5,3.3,2.5,6.4
2015/6/13,29.6,18.3,9,2.4,0,6.6
2015/6/14,24.3,20.4,10,2.6,0,1
2015/6/15,27.8,21.4,8.8,2.6,0,11
2015/6/16,25.1,22.8,10,1.9,0.5,0
2015/6/17,29.1,21.6,9.5,2.4,0,6.7
2015/6/18,25.7,19.1,10,9.3,6,0
2015/6/19,23.9,18.8,10,7,9,0
2015/6/20,26.5,20.3,10,2.4,0.5,5.2
2015/6/21,27.9,21,6,3.8,0.5,9.1
2015/6/22,25.6,21.4,9,3.4,0,2.4
2015/6/23,27,21.7,8,2.9,0,7.9
2015/6/24,29.5,21.5,8,3.7,0,9.8
2015/6/25,29.4,22.6,7.3,3.6,0,9.7
2015/6/26,24.8,23.8,10,6.5,16.5,0
2015/6/27,25.4,20.8,10,4.7,0,1.7
2015/6/28,25.8,16.3,7.5,3.9,0,6.6
2015/6/29,26.6,16.9,6.8,3.4,0,10.2
2015/6/30,26.5,20.3,10,3.5,17,0.4
2015/7/1,26.5,24.4,10,4.6,49.5,0.3
2015/7/2,26.9,22,9.8,3.4,0,5.8
2015/7/3,27.4,21.9,10,2.2,1,2.6
2015/7/4,23.9,22.3,10,2.3,11.5,0
2015/7/5,24.9,20.8,10,1.3,0.5,0
2015/7/6,24,21.2,10,2.5,1,0.1
2015/7/7,24.7,24.2,10,3.9,11.5,0
2015/7/8,29.2,25.9,10,3.9,0.5,0.6
2015/7/9,30.5,28.2,10,2.2,0.5,2.2
2015/7/10,29.8,27.6,8.3,2.9,1,6.3
2015/7/11,30.3,27.4,10,2.9,0,3.1
2015/7/12,31.6,27.4,10,3,0,8.7
2015/7/13,31,28.7,7.3,4.1,0,10.5
2015/7/14,31.8,27.5,3.3,4.3,0,12.8
2015/7/15,36,24.7,6,5.4,0,11.1
2015/7/16,30.6,26.6,9.8,13.6,10,2.3
2015/7/17,26.4,26.6,10,7.5,267,0
2015/7/18,29.1,25.3,9,3.4,23.5,6
2015/7/19,29.6,28,8.5,3,2.5,4.1
2015/7/20,31.3,26.1,2.8,3.5,0,11
2015/7/21,29.2,25.1,7,3,0,3.2
2015/7/22,27.5,28.8,10,3.3,23,0
2015/7/23,26.4,26.7,9.5,3,29.5,1.6
2015/7/24,30.4,26.7,9.3,3.4,0,8.8
2015/7/25,30.5,27.5,7.3,3.6,0,12.1
2015/7/26,31.5,27.7,5.3,3.5,0,12.9
2015/7/27,31,29.4,10,3.9,0,4.1
2015/7/28,32.8,29.2,8,2.9,0,6.5
2015/7/29,33.6,29.8,5.3,2.9,1.5,9.7
2015/7/30,33.5,30.8,8.8,2.8,0,6.4
2015/7/31,34.8,29.6,0.8,3.1,0,12.4
2015/8/1,36,28.2,0.5,2.7,0,12.6
2015/8/2,33.6,29.5,0.5,3.2,0,11.9
2015/8/3,33.8,28.4,3,3.4,0,12.1
2015/8/4,34.6,27.9,0,3.4,0,12.2
2015/8/5,35.5,29.6,3.3,2.9,0,10.6
2015/8/6,33.8,29.4,7.3,3.6,0,8
2015/8/7,34.2,28.6,8.8,2.7,1,10.4
2015/8/8,34.9,28.8,3.3,2.4,0,12.3
2015/8/9,33.9,29.8,5.3,3.1,0,8.6
2015/8/10,34.8,29.5,9,2.8,0,9.3
2015/8/11,34.1,25.7,8.3,2.8,0,7
2015/8/12,32.6,25.5,10,2.5,5,3.1
2015/8/13,31.1,28.9,9.8,3.9,32.5,3
2015/8/14,31.8,25.4,8.3,3.1,0,5.4
2015/8/15,33.1,24.2,0.8,2.5,0,12.3
2015/8/16,31.1,25.3,8.5,3.3,8,1.2
2015/8/17,29.2,27.4,9.5,3.4,24,0.8
2015/8/18,31.8,25.2,5.5,2.4,0,11.8
2015/8/19,27.3,26.3,10,1.8,3.5,0
2015/8/20,28.1,28.8,10,1.7,21,0.3
2015/8/21,29.7,28.8,9.8,3.3,5.5,1.6
2015/8/22,31.6,26.7,7.8,3.5,0,5
2015/8/23,32.7,21.7,4,3.3,0,10.2
2015/8/24,31.5,22.6,5.8,2.7,0,10.6
2015/8/25,27.7,25.9,9.5,8.5,9,0
2015/8/26,30.8,23.5,7.8,3.5,14,6
2015/8/27,30.5,22.7,4.8,3.2,0,12.3
2015/8/28,31.6,22.3,6.8,3.2,0,8.1
2015/8/29,29.8,25.3,10,2.3,7.5,0.6
2015/8/30,27.2,26.6,10,2.9,2.5,0.1
2015/8/31,25.8,25.1,10,3.6,3,0
2015/9/1,29.8,27.2,10,3.4,40.5,2.2
2015/9/2,28.6,24.9,8.8,2.6,1.5,5.6
2015/9/3,25.9,25.9,10,1.9,13,0
2015/9/4,29.4,22.6,4.3,3.3,0,8.6
2015/9/5,29.5,20.1,7.5,2.5,0,7.8
2015/9/6,25.5,23.7,10,5.2,20.5,0
2015/9/7,26.4,22.2,10,2.4,3,0.4
2015/9/8,24.4,23.4,10,2.6,18,0
2015/9/9,24.6,23.1,10,3.3,12,0.3
2015/9/10,25.4,21.9,7.8,2.5,6,1.6
2015/9/11,27.2,17.1,3.3,3.3,0,7.5
2015/9/12,26.8,19.5,5.8,2.6,0,7.9
2015/9/13,27.7,18.1,9.5,3.6,0,6.2
2015/9/14,27.4,14,8.3,3.1,0,10.7
2015/9/15,27.9,17.1,10,3,0,8.9
2015/9/16,24.2,19.3,10,7.7,3.5,0
2015/9/17,25.2,20.4,9,5.4,18,1.6
2015/9/18,25.2,18.1,8,2.9,0,4.5
2015/9/19,26.2,16.4,8.5,3.5,0,6.9
2015/9/20,27.8,16,6.5,2.8,0,8.7
2015/9/21,27.6,17.8,6,2.1,0,4.9
2015/9/22,27.4,18.2,8.5,2.9,0,9.4
2015/9/23,29.3,19,6,4.7,0,9.5
2015/9/24,23.6,20.2,10,10.8,13,0
2015/9/25,24.7,21.8,10,4.9,14,0.4
2015/9/26,27.8,20.2,10,2.3,0,1.6
2015/9/27,27.9,18.1,7.8,2.3,0,5.3
2015/9/28,28,15,5.3,3.1,0,11.4
2015/9/29,27.8,13.8,1.5,3.5,0,10.6
2015/9/30,24.9,11.4,8.3,4,0,3.7
2016/5/1,25.2,13.2,4,2.9,0,9.2
2016/5/2,27.7,14.6,3.8,2.9,0,11.4
2016/5/3,23.1,15.7,9.8,3.8,9.5,0.6
2016/5/4,24.6,10.8,1.3,6.3,3,12.7
2016/5/5,24.1,9.4,5,4.2,0,11.1
2016/5/6,21,11.9,10,3.1,8,0
2016/5/7,23.9,14.8,10,3.1,0,3.6
2016/5/8,23.7,10.2,10,2.2,0,11.4
2016/5/9,19.9,16,10,6,27.5,0
2016/5/10,21.4,20.7,10,3.2,19.5,0
2016/5/11,22.3,17.6,9.5,4.3,5.5,0.3
2016/5/12,22.6,11.9,0,2.8,0,13.3
2016/5/13,26.6,15.4,3.8,2.9,0,11.7
2016/5/14,26.8,14.6,6.3,2.4,0,11.7
2016/5/15,25.7,16.6,8.8,3.9,0,11.1
2016/5/16,24.6,18.6,10,3.9,60.5,0.3
2016/5/17,24.1,10.9,7,2.8,5,11.3
2016/5/18,24.4,11.7,2.5,2.6,0,13.1
2016/5/19,27,14.2,7.5,2.5,0,11.2
2016/5/20,26.9,15.3,4,3.1,0,9.8
2016/5/21,28.2,14.6,1.3,2.5,0,12.9
2016/5/22,25.7,15.4,2.8,4.3,0,12.9
2016/5/23,28.9,15.6,5,2.7,0,12.3
2016/5/24,27.2,13.6,8,4.1,0,7.9
2016/5/25,25.6,17.1,10,2.2,0,0.1
2016/5/26,27.5,22.8,10,3.2,9,0.4
2016/5/27,28.1,17.9,7,2.9,1,7.7
2016/5/28,22.3,17,7.8,2.4,0.5,0.3
2016/5/29,25.2,18.4,6.8,4,6.5,4.8
2016/5/30,24.4,20.5,9.8,4.4,3.5,0.5
2016/5/31,25.5,21.3,8.5,3.4,0,10.2
2016/6/1,24.6,12.1,7,3.8,0,7.8
2016/6/2,24.4,10.8,2.3,4.9,0,12.4
2016/6/3,25.1,11.7,3,3.2,0,13.3
2016/6/4,24.2,16.4,8.5,3.1,0,1.2
2016/6/5,23.8,16.7,7.8,7.3,18.5,1.4
2016/6/6,25.8,17.7,7,2.7,0,7.4
2016/6/7,22.3,19.6,9,6.2,11.5,0
2016/6/8,28.1,19.7,8.3,4.6,0,10.5
2016/6/9,27.6,21.5,7.3,3,0,3.8
2016/6/10,28.2,20.4,1.5,2.8,0,13.3
2016/6/11,28.8,21.7,9.3,3.9,0,8
2016/6/12,27.8,22.5,10,5.2,18,0.6
2016/6/13,25.8,22.3,9.5,4.2,4,0.6
2016/6/14,27.7,21.5,7.8,2.6,0,6.5
2016/6/15,28.8,23.3,7.5,3.5,0,7.7
2016/6/16,25.1,24,10,4.8,35.5,0
2016/6/17,27.3,21.5,8.3,3.8,0,3.4
2016/6/18,30.1,19,4.3,2.8,0,12.6
2016/6/19,24.8,22.5,10,2.8,19.5,0
2016/6/20,28,25.7,10,3,0,3.2
2016/6/21,28.8,24.3,8.3,3.7,33,7.8
2016/6/22,27.2,26.5,10,2,19,0.7
2016/6/23,29.9,24.2,5.5,4.2,50.5,6.8
2016/6/24,26,22.8,10,4,21.5,0.6
2016/6/25,26.5,23.6,10,4.4,36,0
2016/6/26,26.5,19.2,7,3.5,0,8.7
2016/6/27,28,20.3,5,2.9,22,6.8
2016/6/28,23.3,22.9,10,3,5,0.1
2016/6/29,25.1,25.7,10,1.7,15,0.1
2016/6/30,27,27,10,2.5,0,0.2
2016/7/1,29.7,26.2,9.8,3.2,0,9.3
2016/7/2,30.3,28.5,10,3.8,0,11.7
2016/7/3,31.3,29.8,6.8,4.5,0,9.4
2016/7/4,33.1,29.7,6.5,3.1,1,8.9
2016/7/5,33.4,28,8,3.7,0,11.7
2016/7/6,30.9,27.5,6.3,3.9,0,10.5
2016/7/7,32.2,27.9,6.3,3.4,0,13.2
2016/7/8,29.4,27.4,10,1.9,5.5,0
2016/7/9,25.8,27.6,8.5,4,30,2
2016/7/10,30.7,29,9,2.4,0,7.1
2016/7/11,32.5,29.4,10,3,0,6.4
2016/7/12,29.9,31.2,10,2.7,8,0.8
2016/7/13,28,31.6,10,3.2,14.5,0
2016/7/14,31.5,28.6,9,2.9,12.5,6.7
2016/7/15,29.2,23.1,8,3.8,0,1.2
2016/7/16,29.6,23.3,10,3.2,0,2.9
2016/7/17,31.4,28.7,10,2.7,1.5,1
2016/7/18,31.3,26,6,2.8,0,8.8
2016/7/19,31.9,23.7,1.5,3,0,13.1
2016/7/20,32.3,21.8,5.5,3.5,0,13.6
2016/7/21,32.3,22.5,8,3.6,0,10.1
2016/7/22,33.1,22.4,6.8,4.3,0,11.7
2016/7/23,31.6,23.9,8.5,4.7,0,11.3
2016/7/24,29.7,24.2,10,3.7,0,2.9
2016/7/25,28,25,10,2.4,0,0
2016/7/26,27.2,28,10,2.6,11,0.2
2016/7/27,30.1,28.1,8.8,2.7,0,7.8
2016/7/28,31.5,26.5,6.5,3.1,0,10.8
2016/7/29,32.4,26.5,6.5,3.7,0,9.9
2016/7/30,33.7,26.1,7,3.2,0,11.6
2016/7/31,32.5,27.8,4.3,2.7,0,9.5
2016/8/1,34.2,28.1,5.8,3.2,0,8.7
2016/8/2,33.4,24.8,8.3,3.4,0,8.2
2016/8/3,33.9,26,8.5,3,0,9.8
2016/8/4,33.8,27.8,2,3.4,0,11.1
2016/8/5,34.3,30.2,7.5,2.9,7.5,11.2
2016/8/6,35.4,30.3,7.8,2.5,0,9.3
2016/8/7,34.8,28.3,5.3,3.2,0,11.7
2016/8/8,37.2,26,4.5,3.1,0,10.9
2016/8/9,35.6,25.4,5.8,3.5,0,6.5
2016/8/10,34.4,21.9,5.8,2.9,0,12
2016/8/11,33.1,19.6,6.5,3.5,0,12.2
2016/8/12,31.9,24.6,0.8,4,0,12.7
2016/8/13,32.6,28.8,2.8,3.4,0,11.6
2016/8/14,32.3,30.7,3.3,3.2,0,8.9
2016/8/15,33.3,31.4,8.5,2.8,0.5,6.2
2016/8/16,33.7,30.2,6.5,4.3,0,10.4
2016/8/17,32.3,28.1,9.8,2.8,0,2.6
2016/8/18,35.4,26.9,6.3,3.2,0,9.6
2016/8/19,36.1,29.8,5.8,3.9,0,9.4
2016/8/20,36.3,27.6,2.8,3.6,0,10.7
2016/8/21,37.2,26.2,3.5,6.7,0,11.8
2016/8/22,37.6,27.2,7.3,4.8,0,8.8
2016/8/23,35.3,22.9,7.8,2.9,0,7.6
2016/8/24,35.8,26.3,8.8,4.1,0,8
2016/8/25,34,28.6,5.8,4.5,0,10.9
2016/8/26,33.4,25.8,6.3,3.8,0,9.5
2016/8/27,31.8,22.6,9.8,2.7,0,4.1
2016/8/28,30.7,24.3,5.3,5.9,0,3.6
2016/8/29,27.5,26.3,10,4.7,66.5,0
2016/8/30,27.7,18.1,5.3,6.1,0,9.2
2016/8/31,29.6,19.1,1.5,4.4,0,12.2
2016/9/1,31.2,19.7,5.3,2.3,0,10.5
2016/9/2,32,21.7,4,3.2,0,11.7
2016/9/3,34.1,24.5,5,6.6,0,4.1
2016/9/4,33.2,28.4,7,4.9,9.5,6.9
2016/9/5,29.4,28,10,2.7,6.5,0.9
2016/9/6,33.1,28.4,8.8,2.4,0.5,6.9
2016/9/7,33.5,28,7.3,3.1,0,8.5
2016/9/8,28.5,26.1,8.8,2.9,5.5,0.7
2016/9/9,29.3,19.8,6.5,3.3,0,6.8
2016/9/10,29.5,19.7,6.3,3.7,0,11.3
2016/9/11,30.9,23.3,8.3,3.6,0,8
2016/9/12,31.4,26,10,2.9,5,2
2016/9/13,28.5,27.6,9.8,2.4,5,0.1
2016/9/14,27.5,24.4,9.5,1.7,0,1.5
2016/9/15,28.2,21.2,10,2.7,0,1
2016/9/16,30.1,23.2,9,3.4,0,4.4
2016/9/17,30,26.9,10,3,0,3.3
2016/9/18,27.3,30,10,3.3,40.5,0
2016/9/19,26.6,27.4,10,2.1,26,0
2016/9/20,24.2,21.5,10,6.1,22.5,0
2016/9/21,26.1,22.5,10,2.9,3.5,0.2
2016/9/22,26.4,24.9,9.3,4.6,7,0.7
2016/9/23,26.3,22.6,7.5,2.4,2,0.8
2016/9/24,25.6,21.9,8.8,4,0,4
2016/9/25,29.2,22.8,9.8,4,14,2.7
2016/9/26,30.3,25.9,9.3,4.1,9.5,4.5
2016/9/27,31.2,26.3,5.8,3.7,0,4.9
2016/9/28,29.9,30.9,10,2.9,26,0.8
2016/9/29,26.2,24.3,10,2.4,3.5,0
2016/9/30,26.8,19.5,7.3,3.2,1,3.7
2017/5/1,26.2,11.1,4.8,4.6,0,8.8
2017/5/2,22.4,9.5,5,2.9,0,12.2
2017/5/3,23.2,12.2,9.3,4.1,0,4.8
2017/5/4,25.3,13.4,4.3,4.9,0,8.8
2017/5/5,23.9,16.2,4,4.6,0,9.9
2017/5/6,22.7,18.3,10,2.5,0,0.2
2017/5/7,24.1,11,6.5,3.5,0,8.5
2017/5/8,25.8,9.8,4.5,3.4,0,11.8
2017/5/9,22.6,12.5,10,3.7,4.5,0
2017/5/10,23.1,16.2,10,5.6,0.5,1
2017/5/11,24.1,15.4,6.3,4,0,9.1
2017/5/12,27.1,16,8.3,2.4,3,6.5
2017/5/13,19.8,18,9.8,5.3,28,0
2017/5/14,24.2,18,6,2.9,0,11.5
2017/5/15,23.9,13.3,10,3.7,0,6.2
2017/5/16,20.3,12.4,8,2.3,0,3.4
2017/5/17,23.5,10.7,8.5,2.4,0,7.5
2017/5/18,23.7,11.3,0,2.8,0,13.5
2017/5/19,26.2,12.8,0,3.3,0,13.6
2017/5/20,27.7,14.5,2.5,3.6,0,13.1
2017/5/21,26.1,15.7,9.3,3.2,0,11.1
2017/5/22,25.8,17.4,2.3,3.1,0,12.9
2017/5/23,26.5,17.6,6,2.7,0,9.9
2017/5/24,23.6,20,10,1.4,3.5,0
2017/5/25,22.8,20.6,10,1.7,24.5,2
2017/5/26,27.6,17.3,7,3.3,0,7.9
2017/5/27,23.7,11.7,1.8,3.5,0,9.6
2017/5/28,23.9,12.9,2.8,2.7,0,13.3
2017/5/29,27.9,15.6,2.5,3.1,0,12.5
2017/5/30,27.7,19.6,5.5,3.1,0,9.2
2017/5/31,26.9,21.2,10,3.3,0,6.2
2017/6/1,28,19.4,9.3,4,11,9.4
2017/6/2,25.8,13.7,4.8,4.3,0.5,7.9
2017/6/3,23.4,11.8,5.5,3.4,0,11.5
2017/6/4,25.1,11,5.3,3.3,0,13.5
2017/6/5,25.8,10.4,2.5,3.6,0,12.8
2017/6/6,25.4,13.6,6.8,3.6,0,8.5
2017/6/7,22.4,19.2,10,3.3,39.5,0
2017/6/8,24.3,19.3,8.8,4,0,2.9
2017/6/9,28.1,15.9,5.5,2.9,0,11.3
2017/6/10,28.8,16.7,7.5,3.3,0,11.6
2017/6/11,24.4,11.3,8,4.5,0,2.5
2017/6/12,23.9,12,9.8,3.8,0,6.4
2017/6/13,23.5,13,8.3,3.2,0,12.5
2017/6/14,24.6,13.5,8.3,3.6,0,13.7
2017/6/15,27.1,16.5,0,3.1,0,13.3
2017/6/16,27.3,16.5,6,3,0,11
2017/6/17,27.9,15.7,5.5,3.1,0,11
2017/6/18,28,18.3,9.5,3.7,0,7.3
2017/6/19,29.3,19.5,2.8,3.7,0,13.5
2017/6/20,27.8,20.5,10,3.6,0.5,3.9
2017/6/21,25.3,21.8,9.8,6.1,59.5,1.3
2017/6/22,26.4,18.2,9.8,2.2,0,2.8
2017/6/23,29.6,19.3,8.8,3,0,11.6
2017/6/24,28.3,21,10,3.1,7,6.5
2017/6/25,25.9,24.7,10,2.8,14,0.1
2017/6/26,27.6,20.1,10,2.5,0,4.6
2017/6/27,27.2,21.1,10,3,0,0.4
2017/6/28,27.2,24.6,9.3,1.9,4.5,4.5
2017/6/29,26.2,24.5,10,2.4,0,0.7
2017/6/30,28.3,28,10,2.8,22,3.3
2017/7/1,28.6,28.9,9.8,4.6,0,8.3
2017/7/2,32.4,28.2,10,3.2,0,9.8
2017/7/3,30,29.5,9.8,4.4,0,10.2
2017/7/4,28.6,30.2,10,3.6,35,0.4
2017/7/5,26.1,27.1,10,3.4,16.5,0.1
2017/7/6,29.2,26.6,9.3,3,0,7.8
2017/7/7,28.6,27.3,10,2.9,0,2.3
2017/7/8,30.9,28.6,10,2.6,0,7.4
2017/7/9,29.6,29.5,10,1.7,0.5,0.1
2017/7/10,30.1,30,9.8,3.1,2.5,6
2017/7/11,31.4,30.9,8.3,3.5,0,8.5
2017/7/12,30.8,30.8,7.8,3.2,0,1.4
2017/7/13,33.8,28.7,8.3,3.4,0,10.8
2017/7/14,31.5,28.9,7.3,3.2,0,11.8
2017/7/15,31.1,28.2,7.5,3.1,0,9.6
2017/7/16,32.6,29.1,9,3.4,0,9.5
2017/7/17,31.9,28.8,8,3.4,0,3.3
2017/7/18,30.1,27.8,9.8,3.3,1.5,3.9
2017/7/19,32.4,29.2,4.3,3,0,10.4
2017/7/20,35.1,27.2,5.8,4.5,0,12
2017/7/21,34.3,28.3,8,4,0,9.6
2017/7/22,33.4,28.8,10,3.6,0,8.6
2017/7/23,31,30.4,10,3.2,0,0.7
2017/7/24,31.1,30.9,10,3.5,0,2
2017/7/25,30.3,32.3,10,3.4,7.5,0.2
2017/7/26,32.4,28,5.8,2.7,3.5,6.7
2017/7/27,33.8,29.8,9.8,4.3,0,5.7
2017/7/28,32.2,31.2,8,3.9,0,5
2017/7/29,33.6,32.7,10,1.9,4,5.5
2017/7/30,31.6,31.9,8.8,3.2,6.5,5.8
2017/7/31,32.5,32.7,8.8,3.2,0,7.4
2017/8/1,32.8,30.1,8.5,3.1,0.5,5.4
2017/8/2,34.8,26.3,5,4.6,0,7.6
2017/8/3,34.8,26.4,4,7.9,0,9.8
2017/8/4,35.1,29.9,5.8,6.6,6,8.1
2017/8/5,33.3,30.5,4.3,4.4,0,8.7
2017/8/6,34.2,30.9,2.8,3.4,0,11
2017/8/7,29.7,30.9,10,10.4,51,0
2017/8/8,32.8,28.5,5.8,4.8,0.5,4.1
2017/8/9,31.8,28,5.3,2.9,0,10.2
2017/8/10,33.1,31.2,7.8,3.1,0.5,7.3
2017/8/11,35.2,29.1,6.3,3.5,0,7.2
2017/8/12,32.7,25.7,6.5,3,0,6.6
2017/8/13,32.2,23.6,7.3,2.8,0,6.2
2017/8/14,30.3,25,8.3,2.5,0,2.6
2017/8/15,28.7,29.5,10,3.8,3,0
2017/8/16,32.8,29.9,9,2.6,0,4.1
2017/8/17,31.4,30.3,7.8,3.9,0,6.8
2017/8/18,31.4,29.9,6.5,3.6,0,8.5
2017/8/19,33.4,26.5,3.8,2.9,0,11
2017/8/20,32.8,27.3,6.8,3.5,0,11.7
2017/8/21,32.8,28.9,6.8,2.9,0,10
2017/8/22,31.5,31.4,9.3,3,0,3.7
2017/8/23,33.6,31.5,9,3.5,0,8.3
2017/8/24,34.8,30.8,4.5,3.7,0,11.1
2017/8/25,34.7,31,8.5,3.8,0,6.8
2017/8/26,30.1,24.9,10,3,8,0.7
2017/8/27,32.4,18.6,5.8,3.7,0,12.3
2017/8/28,32.3,27.5,7.5,3.3,0,1.7
2017/8/29,31.8,30.7,10,3.2,0,9.2
2017/8/30,31.9,24.8,5.8,2.9,0,5.5
2017/8/31,32.1,15.9,2.8,4,0,11.8
2017/9/1,30.6,17,2.5,4.1,0,9.4
2017/9/2,30.2,18.4,3.8,4.6,0,9
2017/9/3,30.4,17.3,6,3.7,0,6.7
2017/9/4,27.7,16,10,2.9,0,0.7
2017/9/5,27.7,19.4,10,3.3,0,1.2
2017/9/6,28.2,25.2,10,3.5,1,0.7
2017/9/7,28.6,29.7,10,2.7,38.5,0
2017/9/8,30.2,20.9,4,3.2,0,8.8
2017/9/9,30.6,19.6,5.8,2.6,0,9.7
2017/9/10,31.3,22.9,8.8,2.9,0,9.8
2017/9/11,29.3,24.8,10,3.1,1.5,1
2017/9/12,27.2,28,10,3.2,38.5,0.9
2017/9/13,28.5,23,7.8,2.4,0,9.2
2017/9/14,28.9,18.3,9.8,3.5,0,7.6
2017/9/15,26.1,15.5,10,5.2,0,3.9
2017/9/16,23.4,20.2,10,9.5,16,0
2017/9/17,27,22.3,10,13,74.5,2.1
2017/9/18,28.9,21.4,5.3,4.2,3,9.8
2017/9/19,28.3,19.6,8.8,3.1,0,8.6
2017/9/20,26.4,22.2,10,3.3,0,0
2017/9/21,26.3,16.7,9.5,2.5,0,6.4
2017/9/22,22.9,19.1,8,6.3,4.5,0
2017/9/23,26.1,21.9,9.3,2.9,0,1.7
2017/9/24,26.6,18.8,7.3,1.9,0,6.2
2017/9/25,29.2,20.2,4.5,2.4,0,11.1
2017/9/26,28.8,21.9,4.5,3.2,0,11.3
2017/9/27,26.2,21.8,10,4,2.5,2.3
2017/9/28,24.7,20.7,7,3,6,0.7
2017/9/29,24.8,15.5,3.5,2.9,0,11.2
2017/9/30,25.3,13.4,5.3,2.7,0,9.3
2018/5/1,26.9,15.6,6.3,2.3,0,11.7
2018/5/2,21.8,18.8,10,2,21.5,0
2018/5/3,21.1,14.2,7.5,5.4,0.5,7.2
2018/5/4,19.1,8.7,2.3,5.3,0,10.5
2018/5/5,21.8,9.4,3.8,3.4,0,11.8
2018/5/6,23.4,14.3,7.8,2.7,28,6
2018/5/7,20.2,20.3,10,2.8,56.5,0
2018/5/8,19.9,15.3,10,3.7,7,1.1
2018/5/9,20.3,11.3,6.8,4.3,3.5,5.6
2018/5/10,17.1,9.9,3.8,2.9,0,6
2018/5/11,23.5,10.5,5.3,2.9,0,12.3
2018/5/12,22.9,14.1,8,3.3,0,11.5
2018/5/13,19.8,18.9,10,3,67.5,0
2018/5/14,24.5,16.6,3.8,2.8,0,12.3
2018/5/15,26.5,14.2,4,3.3,0,12.2
2018/5/16,27.1,19.1,9.3,3.1,0,5.1
2018/5/17,26.3,22.5,9.8,4.2,0,8.4
2018/5/18,26,24,10,3.3,18,1.8
2018/5/19,21.8,13.7,9,4.8,0.5,3.1
2018/5/20,22.9,11.5,9,4,0,10.1
2018/5/21,27.5,12.3,4,4.4,0,12.5
2018/5/22,27.6,13,6.8,3.3,0,13.1
2018/5/23,21.1,18.4,10,4.9,12.5,0
2018/5/24,26,15.1,4.8,2.7,0,12.9
2018/5/25,27.6,13.4,9.3,2.6,0,9.8
2018/5/26,25,16.5,7.5,2.5,0,4.2
2018/5/27,27.4,16.1,5.8,2.6,0,10
2018/5/28,24.9,19.6,10,2.4,0,0.2
2018/5/29,27.7,19.3,10,3.3,0,1
2018/5/30,22.1,20.2,8.5,4.5,15.5,0.3
2018/5/31,21.6,19.9,10,2.1,9.5,0
2018/6/1,26,14.1,3.8,3.1,0,8.8
2018/6/2,27.6,15.7,0,3.4,0,13.6
2018/6/3,25.9,18.1,7.3,3.1,0,12
2018/6/4,28.3,18.6,6.8,3.1,0,12.3
2018/6/5,26.3,19.2,9.5,2.4,9,4.6
2018/6/6,22,21.4,10,6.3,32.5,0
2018/6/7,27,22.7,10,2.9,2,8.4
2018/6/8,24.7,25.1,10,1.9,18.5,0.3
2018/6/9,28.9,20.1,5,2.9,0,10.6
2018/6/10,24.8,20,10,7.2,3,0
2018/6/11,27.7,22.8,10,6.5,4,0.6
2018/6/12,24.3,20.2,8.5,2.4,0.5,0.8
2018/6/13,24.8,15.4,4,3.8,0,5.2
2018/6/14,25.3,16.2,7.3,1.7,0,7.2
2018/6/15,25.1,19.1,10,3.2,4.5,0.1
2018/6/16,24.1,13.6,3.3,3.2,0,13.7
2018/6/17,26.7,17.6,7.5,4.4,0,12.7
2018/6/18,28.2,20.4,9.8,7.6,0,4.2
2018/6/19,24.8,23.1,9,2.5,3.5,0.1
2018/6/20,23.1,25.3,10,3,47,0
2018/6/21,25.3,23.2,10,2.1,0,4
2018/6/22,29.4,20.6,8.8,2.4,0,9.2
2018/6/23,25.3,21.1,10,3.2,17,0
2018/6/24,27.6,21.9,9.5,3.4,1,8.6
2018/6/25,31.3,22.9,3,2.6,0,13
2018/6/26,29.6,26.9,8.5,3.4,0.5,9.3
2018/6/27,28,28.7,10,4.6,0.5,1.9
2018/6/28,28.1,28.9,10,4.7,0,6
2018/6/29,27.5,28.3,10,3.9,59.5,0.5
2018/6/30,31,29.4,10,3.3,12.5,6.2
2018/7/1,32.3,27.6,6.3,3.4,0,9.4
2018/7/2,31.4,27.9,5.8,4.7,0,11
2018/7/3,31.3,25.6,10,3.1,0,3
2018/7/4,28.5,28.8,10,5.6,4,0
2018/7/5,25.5,29.2,10,6.1,205.5,0
2018/7/6,25.7,29.2,10,2.4,166.5,0
2018/7/7,25.5,29.2,10,2.5,62.5,0
2018/7/8,31.2,27.6,9,2.7,1,3.7
2018/7/9,31.6,27.5,8,3.3,0,12.1
2018/7/10,31.3,28.3,4.8,2.9,0,12.7
2018/7/11,31.5,29.7,7.5,2.5,0,6
2018/7/12,32.3,29,10,1.9,0,2
2018/7/13,32.6,29.3,9,2.6,0,7.9
2018/7/14,34.7,29.9,3.5,2.8,0,13.5
2018/7/15,33.2,29.1,0,3.2,0,13.3
2018/7/16,36.2,29.7,5.3,3.3,0,12.3
2018/7/17,32.7,30,9,3.5,0,11.6
2018/7/18,35.9,30,4.8,3,0,12.1
2018/7/19,36.4,29,0.5,3.5,0,12.8
2018/7/20,34.6,31.7,5,3.6,0,11.8
2018/7/21,33.1,29.5,1.5,3.5,0,13.2
2018/7/22,32,31.3,5.8,3.4,0,12.1
2018/7/23,35.9,31.8,3.3,3.3,0,11.8
2018/7/24,36.4,26.8,1.5,3.3,0,12.3
2018/7/25,35.4,27.7,6.8,3.4,0,12
2018/7/26,35.6,30.8,10,3.4,20,9.2
2018/7/27,31,28.2,5.8,3.8,4,8.4
2018/7/28,32.6,26.5,10,2.8,0,1.6
2018/7/29,30.9,29.5,8.5,5.9,68,3.1
2018/7/30,34.5,27,3,7.4,0,6.6
2018/7/31,35.9,27.7,3.8,4.9,0,11.7
2018/8/1,32.9,29.8,0.8,3.3,0,12.8
2018/8/2,31.9,31.8,7.3,3.4,0,8.1
2018/8/3,34.9,29.8,1,3,0,12.1
2018/8/4,34.8,24.3,0,2.4,0,13.1
2018/8/5,34.7,29.2,1.5,2.9,0,12.6
2018/8/6,35.3,29.9,5.8,3.3,0,9
2018/8/7,34.8,23.6,3.3,3.2,0,12.4
2018/8/8,31.8,22.9,5,3.5,0,9
2018/8/9,31.8,27.7,8.8,3.4,0,3.4
2018/8/10,31.8,29.4,7.5,2.7,0,1.4
2018/8/11,32.9,30.6,7.5,3.1,0,11.6
2018/8/12,32.8,31.6,8.8,3.2,0,7.1
2018/8/13,33.3,31.6,8,2.9,0,7.8
2018/8/14,35.8,30.1,9.5,2.9,0,9.8
2018/8/15,31,30.3,10,2.5,1,0.2
2018/8/16,29.4,30.8,10,3.6,3.5,2
2018/8/17,29.5,17.2,5.5,4.3,0,12.1
2018/8/18,29.9,16.9,9.8,2.9,0,11.9
2018/8/19,32,20.2,6.5,4,0,12
2018/8/20,34.1,23.7,10,6.1,0,9.3
2018/8/21,33.9,30,7,3.4,0.5,7.3
2018/8/22,37,25.7,3.5,5,0,12.6
2018/8/23,35.6,28.7,6.8,11.1,65,7.5
2018/8/24,30.2,32.3,9.8,7,58,3.8
2018/8/25,31,31.7,6.3,3.9,0,8.5
2018/8/26,31,31.2,5.3,3.6,0,11.5
2018/8/27,33.4,29.5,2,3.4,0,11.8
2018/8/28,30.9,30.2,8.8,2.8,0.5,5.5
2018/8/29,32.1,31.1,3,3.8,0,9.8
2018/8/30,30.9,29.5,10,3.7,0,8.1
2018/8/31,31.2,31.6,6.8,4,7,8.9
2018/9/1,27.7,26.8,10,3.1,2.5,0
2018/9/2,29.8,23.9,8,3.2,0,3.7
2018/9/3,31.5,26.1,4.8,3.4,0,11.1
2018/9/4,30.3,28.7,9,9.3,84.5,0.7
2018/9/5,30.5,25.7,5.3,3.5,0,8.1
2018/9/6,29.1,26,10,2.8,7,2.7
2018/9/7,28.3,30,10,4.5,79.5,0.1
2018/9/8,26.3,26,10,3.1,62,0
2018/9/9,26.3,28.4,10,2.3,19,0.5
2018/9/10,26.2,24.3,8.8,2.2,33,2.5
2018/9/11,28,21.2,10,2.8,0,6.7
2018/9/12,25.2,22.1,10,8,1,0
2018/9/13,26.4,21.8,10,6.7,0,0
2018/9/14,26.6,24.6,10,6.9,10.5,0.6
2018/9/15,27.5,27.8,10,3.3,0,0.5
2018/9/16,30.4,28.1,8,3.2,0,9
2018/9/17,28.7,25,7.3,2.8,0,1.7
2018/9/18,28.3,21.4,4.8,2.3,0,8.4
2018/9/19,29.1,15.6,6,2.8,0,9.2
2018/9/20,24.7,19.9,10,5.3,23.5,0
2018/9/21,26.6,25.1,10,5.2,14.5,0.5
2018/9/22,28.5,24.3,10,2.7,12,3.1
2018/9/23,26.6,20.9,8.5,2.3,0,2.8
2018/9/24,27,19.8,9.5,1.7,0,2.1
2018/9/25,23.9,19.1,10,2.6,2,0.1
2018/9/26,26,18.3,8.3,4.1,9.5,2.5
2018/9/27,22.8,17.8,8.3,3.3,11.5,1.2
2018/9/28,26.3,16,0.8,2.7,0,11.5
2018/9/29,22,19.6,10,7.2,50.5,0
2018/9/30,26.1,23.4,10,11.7,42,0
