日付,平均気温,最高気温,最低気温,平均蒸気圧,平均雲量,降水量,平均風速
2008/7/1,21.8,25.5,18.6,18.4,9.5,0,2.7
2008/7/2,23.7,26.9,21.1,20.4,9.5,0,3.1
2008/7/3,24.3,27.3,22.1,22.5,7.8,0,5
2008/7/4,26.5,31.6,23.1,26.4,7.8,16,3.7
2008/7/5,27.5,31.4,24.9,26.1,7.8,0,2.3
2008/7/6,27,30.7,24.7,27,10,0,2.5
2008/7/7,25.1,26.9,24,25.8,10,15,2.1
2008/7/8,24.1,26.5,22.8,23.9,10,1,3
2008/7/9,24.3,26.1,22.7,20.6,10,0,2.5
2008/7/10,24.6,27.8,22.1,21.4,9,0,2.3
2008/7/11,26,29.4,23.5,23.7,8.8,0,3.1
2008/7/12,28,33.8,24.1,25.1,7.5,3,2.1
2008/7/13,28.5,32.7,25,25.1,6.3,0,2.4
2008/7/14,28.9,32.7,26.2,27.2,9.5,0,1.9
2008/7/15,27.8,31.4,24.8,24.5,10,0,3.4
2008/7/16,27.3,31.7,23.5,26.5,9.3,1,2.6
2008/7/17,27.9,31.7,25.3,27.6,4.8,0,2.4
2008/7/18,28.7,32.1,27.1,29.4,9.3,0.5,2.4
2008/7/19,29.1,33.8,26,25,6.8,0,2.4
2008/7/20,27,32.1,24.2,24.1,5.3,0,3
2008/7/21,27,30.3,24.6,25.5,10,0,3.1
2008/7/22,28.4,32.4,25.6,27.8,7,0,4
2008/7/23,28.9,32.4,26.8,28.7,9.5,0,4.2
2008/7/24,29.1,33.1,27.1,29,9.8,0,3.3
2008/7/25,29.4,34.5,25.4,28.9,8,0,3.2
2008/7/26,27.9,31.7,24.6,27.4,10,0,2.1
2008/7/27,27.6,32.9,24.7,27.3,10,0,2.2
2008/7/28,29.3,33.4,25.1,23.5,8.3,0,1.8
2008/7/29,28.5,33,24.4,24.2,7.3,11.5,2.7
2008/7/30,26.4,31.6,23.7,22.3,8.5,0,2.7
2008/7/31,26.2,30.7,22.9,22.2,10,0,2.7
2008/8/1,27.4,31.5,24.6,24.9,10,0,2.7
2008/8/2,28.3,31.7,26.1,28.4,7.3,0,3.1
2008/8/3,29.4,32.7,27.2,30.4,8,0,3.9
2008/8/4,30.2,34.5,26.4,29.8,5.5,25.5,2.7
2008/8/5,27.6,30.6,25.5,31,10,111.5,2.4
2008/8/6,29.8,34.3,26.2,27.4,8,0,2.6
2008/8/7,30.2,34.2,27.2,28.2,4,0,3.3
2008/8/8,30.7,35.3,27.6,29,5.3,0,2.6
2008/8/9,29.2,33,25.5,26.8,9.8,0,2.6
2008/8/10,26.6,29.2,24.6,24.2,10,6,2.4
2008/8/11,28.1,32.5,24.1,27.3,7.5,13.5,2.4
2008/8/12,28.7,32.9,25.8,26.8,7.8,0,3
2008/8/13,29.2,32.2,27.3,29,8.8,0,3.7
2008/8/14,30.1,34.5,26.9,28,9.5,0,2.7
2008/8/15,30.7,34.9,27.6,28,6.5,0,2.9
2008/8/16,28.7,34.1,24.9,28.7,8.8,26,2.7
2008/8/17,22.6,25.5,20.8,23,10,15,2.6
2008/8/18,25.2,29.7,21.4,22.1,9.5,0,2.8
2008/8/19,28.5,34.8,25.4,27.6,8.8,0,3.4
2008/8/20,27.7,32.4,23.7,25.8,7.5,0,2.5
2008/8/21,25.4,31.1,21.2,21.8,9.8,7.5,2.5
2008/8/22,22.4,25.3,20.5,17.7,7.8,0,3.2
2008/8/23,20.9,22.8,20,19.1,10,5.5,1.9
2008/8/24,21.6,23.6,19.6,23.2,10,12.5,1.9
2008/8/25,23.2,25.4,21.9,25,10,12,2.2
2008/8/26,22.1,24.2,21.1,22.9,10,7,2.4
2008/8/27,24.6,29.1,20.4,22.4,9,0,2.1
2008/8/28,25.5,29.2,22.6,28,10,19,1.9
2008/8/29,25.9,30.4,23.5,27.1,9.5,44.5,2.2
2008/8/30,24.8,29.1,23.1,26.5,10,68.5,2.2
2008/8/31,25.6,30.4,22.9,26.3,9.3,13.5,2.1
2008/9/1,27.3,30.8,24.1,27.4,8,0,2.4
2008/9/2,28.3,31.8,26,28.4,8,0,3.1
2008/9/3,28.7,32.3,26.5,26.6,4.3,0,3.8
2008/9/4,27.4,30.5,24.5,26.5,8.3,0,2.6
2008/9/5,26.6,29.7,23.7,25.7,10,0,2.7
2008/9/6,27,30.6,24.7,26.6,8.3,2.5,1.9
2008/9/7,26.7,31.1,24.6,26.1,9.8,4,1.8
2008/9/8,27.1,31.4,23.8,22.5,6.5,0,2.3
2008/9/9,25.6,30,22.1,14.8,2.5,0,3
2008/9/10,24.2,28.7,21.1,17.4,0.8,0,2.7
2008/9/11,23.2,26.6,19.8,20.1,7.5,4.5,3
2008/9/12,26.4,31.3,21.6,21.2,3.3,0,2.5
2008/9/13,27,31.5,23.8,22.9,6.8,0,2.1
2008/9/14,25.6,29.2,23.3,22.8,9.3,0,2.5
2008/9/15,24.4,26.6,22.5,22.7,10,1,2.2
2008/9/16,23.3,26.9,21.1,22,9.3,7.5,2.1
2008/9/17,25.2,29.1,22.1,21.6,9.3,0,2.2
2008/9/18,24.1,25.6,22.9,22.2,9.8,2,1.7
2008/9/19,23.9,26.3,22.4,23.6,10,15.5,1.7
2008/9/20,24.5,29.1,21.8,22.6,5.5,29,2.9
2008/9/21,23,25.2,21.7,23.5,10,37,1.9
2008/9/22,20.9,22.8,19.3,20.8,7.8,17.5,2.4
2008/9/23,23.6,28,19,21,6,0,2
2008/9/24,24.7,28.1,22.6,15.9,6.8,0,3.3
2008/9/25,24.9,28.9,20.9,19.8,10,0,3.1
2008/9/26,26,29.7,21,20.7,8.5,0,4.4
2008/9/27,20.1,22.8,17.8,8.6,10,0,3.7
2008/9/28,18.1,19.6,16.3,10.9,10,0,2.3
2008/9/29,16.6,17.9,15.4,14.7,10,23.5,2.3
2008/9/30,17.2,18.8,15.9,17.2,10,14.5,1.6
2009/7/1,23.3,25.7,20.9,23.3,10,5.5,1.8
2009/7/2,21.2,22.6,20.2,21.8,10,7,2.2
2009/7/3,23.2,26.3,20.4,22.3,10,1.5,2.1
2009/7/4,24,27.6,20.3,22.3,10,9,2.1
2009/7/5,23.8,26.3,21.8,21.8,8,0,2.8
2009/7/6,23.7,24.7,22.6,23.9,10,6.5,2.9
2009/7/7,26.9,31.5,23.4,25.1,8.3,0,4.6
2009/7/8,26.5,27.8,25.1,25.8,8.3,0.5,5.5
2009/7/9,27.9,30.5,24.9,26.1,10,1,4.5
2009/7/10,28.3,30.3,25.1,25.5,10,0,5.3
2009/7/11,25.3,27.4,23.7,17.2,10,0,2.3
2009/7/12,25.5,29.2,22.1,20.9,7.5,0,2.3
2009/7/13,28.9,33.6,24.5,25.4,10,0,4
2009/7/14,27.6,31.3,25.3,21.2,9.8,0,3.4
2009/7/15,29.1,33.6,25.2,24.8,7.3,0,4.7
2009/7/16,29.3,34.2,26.1,23.8,3.5,0,3.1
2009/7/17,25.9,28.4,22.7,23.8,10,4.5,2.2
2009/7/18,27.7,29.8,25.3,26.6,10,0,1.7
2009/7/19,29.4,33.9,25.9,26.3,7.8,0,4.2
2009/7/20,27.1,30,23.6,21.6,6.8,0,3
2009/7/21,22.8,23.7,21.6,22.5,10,13,1.7
2009/7/22,24.1,27.7,21.7,25,10,4.5,2.2
2009/7/23,25.6,29.7,23.7,25.8,10,0.5,2.5
2009/7/24,26.3,27.9,24.9,27.8,10,7,4.6
2009/7/25,28.1,31.9,24.3,27.8,9.5,5,5.3
2009/7/26,29.6,33.8,26.7,27.2,4.3,0,5.1
2009/7/27,27.2,30.9,24,27.3,8.8,5,4.3
2009/7/28,26.7,28.4,24.6,27.6,10,6,3.8
2009/7/29,28.2,31.2,26.2,29.4,10,0,4.8
2009/7/30,28.4,33.2,22.1,27.8,8,0,4
2009/7/31,23.3,26.5,21.1,21.8,10,2,2.6
2009/8/1,24.6,29,21.6,21.8,9.3,0,2.4
2009/8/2,24.3,26.4,22.6,24.1,10,4,1.6
2009/8/3,26.3,30.3,23.3,25.4,9.8,0,2.1
2009/8/4,26,29.6,23.2,26,9,0,2.8
2009/8/5,27.5,30,24.9,27,10,0,2.5
2009/8/6,27.5,30.5,25.8,29.1,9,0,2.2
2009/8/7,28.6,33.2,25.3,28.6,9.3,20,3.1
2009/8/8,27.6,30.4,25.5,28.2,9.5,0,2.2
2009/8/9,28.3,32.1,25.1,28.9,10,0,2.3
2009/8/10,27.1,28.6,25,30.3,10,111.5,3.1
2009/8/11,26.7,29.1,25,26.8,9.8,5,3.1
2009/8/12,26.6,30.6,24,25,8.3,0,2.9
2009/8/13,28.2,31.7,24.4,28.8,6.5,0,2
2009/8/14,28.6,30.5,25.7,25.7,6.5,0,2.3
2009/8/15,27.2,31.7,23.7,21.1,3,0,2.3
2009/8/16,27.8,33.2,23.7,19.6,4,0,2.2
2009/8/17,26.5,30.8,23.6,22.2,5.5,0,2.8
2009/8/18,26.6,30.1,23.9,22.6,9,0,2.9
2009/8/19,27.3,31.3,25,22.9,10,0,2.7
2009/8/20,27.6,31.6,25.3,23.1,8.3,0,3.7
2009/8/21,28.9,32.5,26.1,26.4,9.5,0,3.1
2009/8/22,28.9,31.6,24.7,26.8,8.3,0,2.3
2009/8/23,27.2,30.7,24.1,20.6,8.5,0,2.5
2009/8/24,26,30.2,24.2,20.5,10,5,2.5
2009/8/25,24.8,27.7,22.9,16.8,9.3,0.5,2.9
2009/8/26,24.4,27.6,22.4,17.5,7.3,0,2.6
2009/8/27,25.3,29.6,21.1,19.8,2.3,0,2.7
2009/8/28,27.4,31.4,23.8,22,4.3,0,3.7
2009/8/29,28.6,32.3,25.1,22.9,7,0,2.7
2009/8/30,23.3,27.1,19.9,21.6,10,16,3.7
2009/8/31,19.1,22.2,17.6,19.4,10,80,3.4
2009/9/1,25.7,31.5,21.5,23,8,0,2.1
2009/9/2,22.3,24,20.9,19.2,10,0,3.4
2009/9/3,22.2,24.5,20.4,18.1,10,0,2.6
2009/9/4,23.2,26.2,20.6,18.7,9.8,0,2.2
2009/9/5,24.4,29,20.8,20.4,1.5,0,2.3
2009/9/6,24.4,28.5,21.8,19.4,4.5,0,3
2009/9/7,24.9,29.3,21.4,21.3,4,0,2.6
2009/9/8,24.8,28.8,22,21.6,10,0,2.9
2009/9/9,22.6,23.7,21.4,19.1,10,0.5,2.7
2009/9/10,24.1,28.8,19.2,12.8,4.8,0,3
2009/9/11,23.9,26.9,20.3,14.5,9.5,0,2.1
2009/9/12,21.4,23.3,19.5,20.2,10,38,1.8
2009/9/13,23.7,28.9,19.7,18.3,6.8,0,1.8
2009/9/14,23.2,26.4,20.3,14.9,7.8,0,2.6
2009/9/15,21.9,23.9,19.7,18.4,10,0.5,1.7
2009/9/16,23.7,28.3,19.3,16.6,6.8,3.5,2.3
2009/9/17,22.5,26.5,19.8,14.3,4.3,0,2.7
2009/9/18,20.9,23.8,17.7,15.7,9.5,0,2.7
2009/9/19,21.7,25.7,19.7,16.8,10,0,3.2
2009/9/20,22.4,28.1,19.3,12.6,2.8,0,3.3
2009/9/21,21.3,23.4,19.1,15.6,9.8,0,2.7
2009/9/22,23.3,25.8,21,17.6,10,0,2.5
2009/9/23,23.9,26.9,21.2,16.5,10,0,2
2009/9/24,23.3,27.6,20.6,17.4,3.3,0,2.7
2009/9/25,23.3,28.5,19.6,16.9,2.3,0,2.7
2009/9/26,23.4,27.8,20.6,17.4,5.3,0,2.4
2009/9/27,21.9,24.4,20.2,17.9,9.3,0,2.6
2009/9/28,23.4,26.5,20.2,17.9,9.3,0,2.8
2009/9/29,23.1,25.1,20.7,20.5,10,4,2
2009/9/30,20.2,23.2,18.7,18.1,10,6.5,2.1
2010/6/1,17.6,23.2,13.4,10.7,4.8,0,3
2010/6/2,19.1,24.8,14.8,11.6,0,0,2.6
2010/6/3,20.9,27.3,15.6,13.1,1.3,0,2.7
2010/6/4,22.1,26.4,18.7,15.1,3.8,1,3.5
2010/6/5,20.2,24.2,17.8,15.5,7.8,0,2.9
2010/6/6,21.4,26.1,17.6,13.7,8.8,0,2.6
2010/6/7,23.1,28.2,19.7,16.3,10,0,2.6
2010/6/8,21.4,23.3,19.6,15.5,10,0,2.2
2010/6/9,20,22.6,17.9,15.6,10,5.5,2.1
2010/6/10,22.6,28.2,18,16.1,2.8,0,2.6
2010/6/11,22.6,27.2,19.5,17.3,10,0,3
2010/6/12,24.5,28.9,20.8,19.8,1,0,3.6
2010/6/13,23.2,26,21.5,18.3,9.3,0,4.7
2010/6/14,18.6,21.5,17.3,17.9,10,20.5,3
2010/6/15,23.1,27.7,18,21.4,8.8,2,3.2
2010/6/16,25.8,30.3,22.2,24.6,8.3,12.5,3.6
2010/6/17,26.7,31.6,22.9,20.7,8,0,2.7
2010/6/18,24.4,28.9,20.1,23,10,16.5,2.3
2010/6/19,25.2,29.8,20.1,23.7,10,9.5,2.5
2010/6/20,26.2,29.1,23.9,23.6,10,0,4.1
2010/6/21,25.9,29,23.2,23.4,8.5,0,3.3
2010/6/22,26.1,29.2,24.3,24.3,8,0,2.2
2010/6/23,24.2,25.5,22.4,24.3,10,20.5,2.8
2010/6/24,25.1,28.3,22.4,18.8,7.8,0,2.7
2010/6/25,26.2,31.2,22.3,19.6,10,0,2.6
2010/6/26,26.2,28.7,24.6,24.4,10,0,3.3
2010/6/27,26.6,29,24.4,27,10,3,3.5
2010/6/28,28,31.8,25.2,28.4,10,4,1.8
2010/6/29,26.4,28.8,23.7,27.5,10,4,2.3
2010/6/30,25.6,28.9,22.7,24.1,8.8,9,2.6
2010/7/1,27,29.5,24.8,26,9.8,0.5,2
2010/7/2,26.6,31,23.1,24.7,6.3,0,2.7
2010/7/3,26.2,28.8,24.3,24.9,9.8,1,2.5
2010/7/4,27.2,31.6,24.3,27.7,10,11,1.9
2010/7/5,26.8,30.3,24.9,27.1,9,3,2.6
2010/7/6,27.1,30.6,24.2,27.3,10,0.5,2.3
2010/7/7,25.4,27.8,22.9,25.7,10,6,2.9
2010/7/8,26.4,30.1,23.2,25.5,7.8,0,2.8
2010/7/9,25.5,27.8,22.7,25.4,10,24,3.2
2010/7/10,27.3,31.1,23.6,23.1,7.3,0,3
2010/7/11,26.3,28.9,24.4,25.4,9.8,5,3.3
2010/7/12,27.4,29.1,26.2,27.4,9.8,2.5,6.5
2010/7/13,23.8,27.2,19.9,23.5,10,2.5,2.4
2010/7/14,26.1,31.3,20,25.1,9.5,1.5,4.2
2010/7/15,28.4,31.4,26.4,26.1,6.5,0,4.9
2010/7/16,28.5,31.9,25.8,27.1,5.5,0,3.7
2010/7/17,28.3,32.1,26,26.5,7.3,0,3.7
2010/7/18,28.3,31.7,25.6,26.1,4.8,0,4.6
2010/7/19,29.8,34.5,26.1,25.1,5.3,0,2.9
2010/7/20,30.8,34.5,27.3,27.2,9,0,2.4
2010/7/21,31.5,36.3,28,27.6,4.5,0,2.7
2010/7/22,31.4,36.1,27.6,27,3,0,2.9
2010/7/23,30.8,35.7,26.8,28.5,6,1,2.6
2010/7/24,30.8,35.8,26.5,27.6,6,0,2.8
2010/7/25,29.5,34.4,25.5,26.4,6.5,0,2.4
2010/7/26,28.6,33.3,25.7,27.7,8.3,0.5,2.7
2010/7/27,29.8,33.8,26.1,26.6,5.5,0,3.5
2010/7/28,30,34.2,27.3,24.9,5,0,5.1
2010/7/29,26.3,27.9,24.4,26.2,9.3,6.5,6.2
2010/7/30,26.8,29.2,25.3,29,8.8,4.5,4.3
2010/7/31,29.2,32.2,26.8,30.1,9.5,0,2
2010/8/1,29.8,34.1,27.4,29.6,9.8,0,2.6
2010/8/2,29.4,32.2,27.8,30,9.5,0,4.2
2010/8/3,29.5,33.3,27.4,28.2,6.3,0,5.2
2010/8/4,29.8,33.8,27.4,28.2,4.5,0,4.9
2010/8/5,30,33.4,27.7,28.7,1.3,0,4.9
2010/8/6,29.6,33.6,27.4,26.9,5,0,4.4
2010/8/7,29.2,33.2,26.4,25.4,6.5,0,4.2
2010/8/8,29.2,32.5,26,25.8,9.5,0,3.2
2010/8/9,26.3,28.9,23.6,26.2,10,24.5,3
2010/8/10,27.7,30.5,25.8,28.2,9.5,2,3.4
2010/8/11,28.9,31.9,26.9,28.7,8,0,4.7
2010/8/12,28.7,32.3,26.8,28.5,9.8,0.5,6.1
2010/8/13,28.3,30.3,26.9,26.9,9.8,0,2.6
2010/8/14,29.4,32.6,26.8,28.7,10,0,2.7
2010/8/15,31.4,35.5,28.6,29.8,9.5,0,3
2010/8/16,32.2,36.3,28.1,30.3,7.3,0,2.2
2010/8/17,32.3,37.2,28.9,28.5,3.5,0,2.9
2010/8/18,30.4,35.1,27.3,29,9.3,0,2.9
2010/8/19,28.7,33.1,26.2,27.8,9.3,0,3
2010/8/20,27.8,31.8,25.5,24.3,10,0,2.5
2010/8/21,28.6,32.8,26.2,25.8,6.3,0,2.7
2010/8/22,29.9,34.6,26.5,27.9,2,0,3.4
2010/8/23,30.3,35.1,27.2,29,1.5,0,3.1
2010/8/24,29.7,33.9,27.5,29.2,6,0,3.9
2010/8/25,30.1,33.8,27.6,27.9,3,0,2.9
2010/8/26,29.9,34.7,27.3,27,2.8,0,3.2
2010/8/27,30,33.8,27.1,27.6,4.8,0,2.7
2010/8/28,30.1,34.7,27.4,26.5,3,0,3.4
2010/8/29,30.2,34.4,26.4,26.5,7.5,0,2.3
2010/8/30,30.5,34.8,27.4,27.5,7,0,2.2
2010/8/31,30.8,35.8,27.5,27.2,4,0,2.7
2010/9/1,30.4,35.9,27.5,27.3,4.5,0,3
2010/9/2,30.1,34.6,27.9,25.6,7.8,0,3.7
2010/9/3,30.5,34.5,26.8,26.8,4.5,0,3.2
2010/9/4,31.2,35.9,28.5,23,1.3,0,3.2
2010/9/5,30.1,34.3,28,27.9,7.3,0,3.1
2010/9/6,29.8,34.1,27.9,28.1,6.8,0,4.8
2010/9/7,31,35.7,27.8,25.5,8.8,0,4.3
2010/9/8,25.8,30.5,22.8,26.2,10,102,3.3
2010/9/9,24.6,28.6,22,20,8.3,1,3
2010/9/10,26,29.4,23.4,21.1,5.5,0,2.4
2010/9/11,28.4,31.7,24.7,25.7,5.3,0,2.3
2010/9/12,28.1,31.7,25.1,27,10,0,2.7
2010/9/13,28.7,33.2,24.7,27.1,8.3,1,2.3
2010/9/14,25.8,30.4,22.2,22.7,9.5,3,3.2
2010/9/15,23,25.7,20.7,18.6,10,1.5,2.8
2010/9/16,20.6,21.9,19.5,20.7,10,98,2.7
2010/9/17,24.5,29.1,19.8,20.3,6.8,0,1.5
2010/9/18,25.9,29.6,23.1,19.4,4.8,0,2.2
2010/9/19,26,29.7,22.9,22.6,9.5,0,2.1
2010/9/20,25.9,28.8,24.3,24.4,7.3,0.5,1.7
2010/9/21,27.8,31.7,23.5,24.8,7.3,0,1.8
2010/9/22,28.1,32.7,24.6,25.7,6.8,0,2.9
2010/9/23,19.8,24.8,16.8,19.4,10,59.5,3.1
2010/9/24,18.3,20.2,15.8,13.5,10,4.5,3.3
2010/9/25,17.8,22,13.9,11.7,5,17.5,3.5
2010/9/26,19.3,24.6,14.8,12.3,5.3,4.5,2.5
2010/9/27,16.3,17.8,15.6,16.2,10,54,3.4
2010/9/28,18.9,22.8,16,18.6,9.5,65,2.4
2010/9/29,22.4,25.6,19.6,14.2,8.8,0,3.2
2010/9/30,19.2,22,18.1,17.4,10,16,2
2011/6/1,15.2,18.5,12.1,10,10,0,2.5
2011/6/2,16,17.4,14.3,14.8,10,10,1.7
2011/6/3,19.8,24,15.2,15.9,10,0,2.2
2011/6/4,22.1,26.3,18.8,18.1,8.5,0,3.4
2011/6/5,22.2,25.7,18.3,18.5,10,5.5,2.6
2011/6/6,22.9,28.6,17.4,16.1,4.8,0,2.9
2011/6/7,21.6,24,20.2,17.4,10,0,3
2011/6/8,19.7,22.7,17.4,17.1,9.3,3,2.2
2011/6/9,21.8,25.6,18.3,16.5,9.3,0,2.6
2011/6/10,22.8,24.9,20.6,20.4,8.3,0,3.1
2011/6/11,22.2,25.1,20.9,21.2,10,35.5,2.7
2011/6/12,23.2,26.2,20.8,19.1,10,0,1.9
2011/6/13,20.9,23.5,18.2,19.5,9.3,29.5,2.1
2011/6/14,21.7,24.6,19.7,18.5,9.8,0,2.4
2011/6/15,21.3,23.5,19.6,14.6,10,0,3
2011/6/16,21.1,23.7,18.4,17.9,10,3.5,2.4
2011/6/17,19.2,21,17.7,18.8,10,21.5,2.2
2011/6/18,20.3,22.2,18.8,18.6,10,4.5,1.5
2011/6/19,21.8,24.5,19.4,19.6,10,0,1.9
2011/6/20,23.9,26.5,21.5,22.2,10,0,2.8
2011/6/21,25.5,29.8,23,22.6,9,1,3.5
2011/6/22,27.2,31.9,21.8,23.6,3,0,2.3
2011/6/23,28.2,32.2,25.7,25,9.3,0,4.4
2011/6/24,29.1,32.7,26.1,24.6,9.8,0,6.3
2011/6/25,24.3,27.9,20.4,21.5,10,0,2.9
2011/6/26,21.3,22.7,19.8,20.4,10,0,1.6
2011/6/27,22.3,23.8,20.4,22.3,10,1.5,1.5
2011/6/28,27.3,31.9,22.7,25.2,5.5,0,2.1
2011/6/29,29.8,35.1,25.3,25,3.3,0,2.6
2011/6/30,28.7,33.6,25.2,24.6,9.5,1,2.4
2011/7/1,28.7,33.9,24.8,24.4,8,0,2.3
2011/7/2,26.5,28.9,24.4,24.8,9.5,0,2.5
2011/7/3,27.6,31.1,24.1,25.5,6.8,0,3
2011/7/4,29.6,34.3,26.9,25.9,10,0,6.7
2011/7/5,28,32.3,24.3,25.1,6.5,5.5,3.6
2011/7/6,28,32.5,25.4,22.8,8.3,0,3.4
2011/7/7,26.8,29.7,23.6,24.3,10,0,4.1
2011/7/8,28.6,31.4,26.5,26.1,10,0,2.4
2011/7/9,29.4,32.5,27.3,27.5,6.3,0,2.6
2011/7/10,29.3,33.6,26.4,25.8,0.5,0,3.1
2011/7/11,29.2,33.8,26.1,26.6,1.3,0,3.2
2011/7/12,28.7,32.3,26.2,26.5,3.5,0,4
2011/7/13,28.6,32.7,26.4,25.1,5.8,0,3.6
2011/7/14,28.9,33.4,25.9,24.5,2.3,0,3.3
2011/7/15,29.4,33.7,25.9,24.4,1,0,2.9
2011/7/16,29,33.3,26.4,25.8,1.5,0,3.9
2011/7/17,29.6,34.1,26.1,25.8,0,0,4.4
2011/7/18,30.1,34.8,27.4,27.1,8,0,4.3
2011/7/19,27.9,28.7,26.5,29.2,10,3.5,4.6
2011/7/20,25.9,28.7,21.1,26.7,10,6,4.7
2011/7/21,20.7,23.6,18.2,16.5,9,3,4.1
2011/7/22,21,24.2,18,14.2,7,0,3.1
2011/7/23,23.1,27.5,18.9,17.9,8,0,2.8
2011/7/24,26,30.3,22.7,21.7,7.8,0,3
2011/7/25,27.6,31.5,25.1,24.2,8.8,0,4.1
2011/7/26,27.5,30.4,25.4,24.3,7.8,0,3.3
2011/7/27,28.3,31.8,25.5,25,10,0,1.9
2011/7/28,26.4,29.6,24.1,26.4,10,2.5,1.9
2011/7/29,26.5,29.4,25,26.7,10,5,1.7
2011/7/30,25.7,29.7,23.1,25.2,9.8,29,2
2011/7/31,23.5,25.1,22.2,22.2,10,0,3
2011/8/1,24.5,27.3,22.1,20.9,10,0,2.5
2011/8/2,25.5,29.1,22,22.5,10,0,2.3
2011/8/3,26.1,29.3,24.4,25.7,9.8,15.5,2
2011/8/4,27.4,31.1,24.3,26.2,8.3,4.5,2.6
2011/8/5,27.8,31.2,25.1,27.3,6,4.5,3.2
2011/8/6,29,32.3,26,27.8,9.8,0,2.2
2011/8/7,28.9,34.5,26,27.6,9,20,2.1
2011/8/8,29.3,33.2,25.5,27.3,6.8,0,2.5
2011/8/9,30.2,33.9,27.4,28.1,5.3,0,2.6
2011/8/10,30.5,34.6,27.4,29.2,3,0,3.2
2011/8/11,31,35.2,28.2,29.8,4.3,0,2.4
2011/8/12,31.2,35.1,28.1,26.1,6.3,0,2.1
2011/8/13,30,34.5,27.2,27.7,5.8,0,2.8
2011/8/14,30,33.6,27.7,28.8,5.5,0,2.7
2011/8/15,30.3,33.2,27.4,27.2,5.5,0,3.1
2011/8/16,30.3,33.6,27.4,28.5,5,0,2.7
2011/8/17,30.7,33.8,27.5,28,5,0,3.1
2011/8/18,31.9,36.1,28.7,27.9,6,0,3.7
2011/8/19,25.3,30.9,22,24.9,10,57,2.9
2011/8/20,23.7,25.8,22.3,21.1,10,0,2.1
2011/8/21,20.6,23.5,19.3,20.9,10,11,2
2011/8/22,21.2,22.9,19.5,21.5,10,26,1.8
2011/8/23,25.9,30.9,21.4,25.9,9.5,0,2.7
2011/8/24,28.1,32,25.6,27.5,8.3,0,3.7
2011/8/25,27.2,29.3,25.1,27.8,10,2.5,4
2011/8/26,26.2,31.9,22.9,26.3,9.5,88.5,2.4
2011/8/27,24.3,27.5,21.9,23.3,8.3,0.5,2.5
2011/8/28,25.6,29.8,22.1,22.3,3.8,0,2
2011/8/29,26,29.8,23.1,23.2,7.5,0,2.6
2011/8/30,26.3,31.7,22.7,21.5,7,4.5,2.9
2011/8/31,26.4,30.4,21.6,25.6,10,9.5,2.6
2011/9/1,28.5,31.9,26,29.2,9.8,2,3.2
2011/9/2,28.5,31.9,24.9,29.1,9.5,27,4.7
2011/9/3,28,30.4,24.3,27.6,10,19,6.5
2011/9/4,27.2,29.4,25.6,26.3,9.8,2,4.8
2011/9/5,26.5,29,24.5,26.2,10,15,3
2011/9/6,24.5,29.3,21.8,21.1,9,14.5,2.8
2011/9/7,24.9,29.4,20.3,18.6,3.8,0,2.5
2011/9/8,25.7,29.7,21.8,21.2,7,0,3.1
2011/9/9,27.8,31.4,24.1,24.4,7.3,0,3.2
2011/9/10,28.4,32.3,25.6,26.6,1.3,0,2.9
2011/9/11,27.7,30.9,25.8,26.5,8,0,2.9
2011/9/12,28.3,32.5,25.7,25.1,5.8,0,3.3
2011/9/13,28.3,32.3,25.6,25.2,3.3,0,3.7
2011/9/14,28.3,32.3,25.2,25,3.3,0,2.9
2011/9/15,28.3,32.4,25.7,24.9,1.8,0,3.5
2011/9/16,28.2,31.7,25,25.8,7.3,5,4
2011/9/17,28,31.4,25.5,27.5,9.3,0,5.1
2011/9/18,28.5,31.7,26.2,25.5,3.8,0,4.3
2011/9/19,25.7,31.1,19.5,23.9,6.5,0.5,3
2011/9/20,19.9,21.5,18.7,19.8,10,21,2.3
2011/9/21,22.2,26.3,17.3,22.2,10,124,5.9
2011/9/22,23.4,29.5,18.5,19.7,7.3,5,2.8
2011/9/23,20.3,22.5,19,14.5,10,0,2.1
2011/9/24,20.5,24.8,15.9,12.1,6,0,2.7
2011/9/25,20.2,23.5,17.5,13.8,8.8,0,2.3
2011/9/26,18.9,20.2,17.5,14.8,10,0,2.1
2011/9/27,20.2,23.7,18.1,14.4,7.3,0,2.9
2011/9/28,20.5,24.3,16.7,14.1,5.8,0,2.9
2011/9/29,21.9,25.7,17.8,15.2,3.8,0,2.6
2011/9/30,24.6,29.6,19.3,19,7.3,0,2.4
2012/6/1,21.3,25.9,19.3,18.3,8.8,1.5,2.4
2012/6/2,21.6,25.9,18,17.2,6,0,2.7
2012/6/3,20.3,24.2,17,17.3,8.3,0.5,2.5
2012/6/4,22.1,26.5,17.7,16.7,9.3,0,3.2
2012/6/5,21.7,23.5,20.5,17.8,10,0,4
2012/6/6,19.4,21.5,17.3,16.6,9.5,4,2.8
2012/6/7,21.1,24.7,17.1,16.5,8,0,3.6
2012/6/8,23.5,27.8,19.5,20.5,5.5,1,3.5
2012/6/9,19,21.8,18,19.8,10,29.5,3.5
2012/6/10,21.9,27.9,18.2,18.8,9.3,1,2.9
2012/6/11,20,23.3,17.5,17.2,10,1,2.4
2012/6/12,16.9,18.7,15.8,16,10,11.5,2.9
2012/6/13,17.4,21,15.2,14.7,10,1,3.2
2012/6/14,18.6,23.6,15.7,14.1,5.3,0,2.8
2012/6/15,20.3,24.8,16,16.2,9.5,0,2.9
2012/6/16,20.2,21.5,19.3,21.1,10,6.5,2.1
2012/6/17,23.3,27.8,19.7,22.7,10,7,1.8
2012/6/18,24.5,27.6,22.2,19.8,8.8,0,3
2012/6/19,23.9,27.2,22.6,24.9,9,72.5,4.2
2012/6/20,26.9,30.2,22.4,24.2,8.8,0,6.5
2012/6/21,23.7,26.5,21.5,21.3,10,0,2.9
2012/6/22,21.1,23.1,18.2,20.9,9.8,48,2.2
2012/6/23,22.2,24.9,20.6,19.4,10,0,2.5
2012/6/24,22.6,26.1,19.6,19.9,10,0,2.8
2012/6/25,18.4,20,17.1,15.2,9.8,0,3.2
2012/6/26,19.5,23.6,15.8,13,6,0,2.9
2012/6/27,20.6,25.1,15.9,15.4,9.8,0,2.5
2012/6/28,22.5,25.3,19.4,19.1,10,0,2.4
2012/6/29,23.4,27.2,20.9,19.3,5.8,0,2.6
2012/6/30,23.3,27.5,20.4,19.2,9,0,2.4
2012/7/1,21.9,24.7,19.7,19.1,10,7.5,1.6
2012/7/2,22.8,27,19.3,22.2,8,8,2.5
2012/7/3,23.5,27.7,21.7,23.7,10,9,2.2
2012/7/4,24.8,29,21.1,23.8,7.3,3,3.1
2012/7/5,26.7,29.4,24.2,25.9,10,0,2
2012/7/6,25.3,28.8,22.8,26,9.3,8,2.2
2012/7/7,23,25.1,20.8,25.7,10,23,2.4
2012/7/8,22.6,26.6,19.9,21.5,10,6,2.2
2012/7/9,24.9,28.9,20.4,21.6,4.3,0,2.6
2012/7/10,26.5,31,23.4,24.1,3.8,0,2.9
2012/7/11,27,30.9,23.5,25.6,7.5,0,4.6
2012/7/12,26.7,27.4,25.6,28.6,10,2,6.9
2012/7/13,27.4,31,24.7,29.4,10,11.5,4.4
2012/7/14,28.6,33,24.7,28.9,9.5,41,4.8
2012/7/15,29.1,32.7,26.9,28.4,9.5,0,6.3
2012/7/16,29.5,33,27,27.3,9.8,0,6.1
2012/7/17,29.9,34.4,27,28.5,3,0,3.4
2012/7/18,28.5,32.1,25.7,28.7,8,0,2.6
2012/7/19,28.2,35.1,21.9,26.7,8.5,0,2.9
2012/7/20,20.5,22.2,18.2,18.9,10,7,2.7
2012/7/21,19.6,21.9,17.4,18.7,10,4,2.2
2012/7/22,20.8,23.3,18.8,20.9,10,0,1.7
2012/7/23,25.1,29,21,24.1,9.5,0,1.9
2012/7/24,27.8,31.8,23.8,26.7,10,0,1.6
2012/7/25,29.5,33.2,25.4,28.8,8.8,0,2.4
2012/7/26,30.8,35.4,26.8,30.5,7.5,0,2.3
2012/7/27,30,34.2,27.1,31.2,7,0,2.7
2012/7/28,30.1,33.3,27.5,30.5,6.8,0,2.8
2012/7/29,29.5,33.1,27.3,30.6,9.3,0,3.6
2012/7/30,29.6,33.3,27.3,29,6,0,4.5
2012/7/31,29,33.9,26.5,27.1,4.8,0,3.4
2012/8/1,29.4,33.1,27.1,28.8,7.3,0,3.3
2012/8/2,30.2,34.7,27.2,27.9,2.5,0,3.2
2012/8/3,29.8,34,27.3,27.8,6.5,0,2.8
2012/8/4,28.6,31.8,26.1,28.7,8.8,0,2.7
2012/8/5,29.8,34.2,26.6,29.2,6.3,0,3.3
2012/8/6,27.4,29.4,25.3,29.8,10,15.5,2
2012/8/7,28.7,32.4,25.5,27.7,4.3,0,3
2012/8/8,25.8,29.6,23.4,21.9,8.3,0,3.2
2012/8/9,25.9,30.2,22.9,20.1,6.8,0,2.7
2012/8/10,27.1,31.2,23.8,24.9,9.8,0,3.3
2012/8/11,28.8,31.6,27.2,29.6,10,0,3.3
2012/8/12,27.6,30.9,25.2,29.3,7,0.5,3
2012/8/13,29.8,34.5,26.3,29.3,7,0,5.2
2012/8/14,28.6,30.6,26.4,29.7,8.8,1,3.4
2012/8/15,29.1,33.4,25.9,29.4,9.8,0,3.7
2012/8/16,30.1,34.5,27.5,29.1,6.3,0,3.5
2012/8/17,30.5,35.7,27.5,29.8,9,0,2.5
2012/8/18,28,30.8,25.5,28.9,9.5,8,2
2012/8/19,29,33.1,26.4,27,3.5,0,3.9
2012/8/20,29.1,33,25,26.4,3,0,2.5
2012/8/21,29.7,34,26.5,27.7,2,0,3.7
2012/8/22,29.6,33.5,27,28.9,2,0,4.5
2012/8/23,30.1,34.2,26.8,27.8,3.5,0,3.3
2012/8/24,30,35.2,27,26.1,2.3,0,3
2012/8/25,29.9,34.4,27,26.9,4.3,0,2.9
2012/8/26,30.1,34.8,26.8,26.3,5,0,2.8
2012/8/27,30,35,27,27,2,0,3.5
2012/8/28,29.6,33.8,27.3,26.6,7.8,0,4
2012/8/29,29.1,32.5,26.7,27.5,10,0,3.4
2012/8/30,30.2,35.6,26.9,29.3,7,0,2.7
2012/8/31,29.6,33.8,27.6,28.9,5.8,0,3.7
2012/9/1,27.9,31.4,24.3,26.7,8.3,22.5,2.9
2012/9/2,25.8,28.6,23.7,26.9,9.8,17.5,2.3
2012/9/3,26.9,30.6,24.2,25.8,10,0.5,2.6
2012/9/4,27.3,31.4,24.1,28,9.5,4.5,2.2
2012/9/5,28.6,33.2,24.6,26.5,8.3,0,2.2
2012/9/6,27.3,32.9,23.7,27.5,10,2,2.3
2012/9/7,27.6,31.4,23.8,25.2,6.8,0,2.1
2012/9/8,28.1,32.5,25.8,27.9,6.8,0,2.8
2012/9/9,28.8,32.8,26.2,26.7,6,0,3.6
2012/9/10,28.9,33.1,26.3,26.8,6.3,0,3.5
2012/9/11,28.7,33.5,25.6,24.8,4.8,0,2.7
2012/9/12,28.1,32.9,24.4,22.8,7.3,0,2.6
2012/9/13,28.8,33.8,25.3,24.3,6,0,2.7
2012/9/14,28.8,32.1,26.4,26,3.5,0,3.8
2012/9/15,28.3,32.3,26.2,27.4,8,0,3.1
2012/9/16,28.3,31.7,26.1,28.9,8.5,3.5,2.6
2012/9/17,27.9,30.7,25.1,29.2,7.5,8.5,4.6
2012/9/18,28,31.8,24.8,28.8,8.5,5.5,4.6
2012/9/19,26.7,29.1,23.6,29.2,10,36,3.9
2012/9/20,27.6,31,24.8,26.1,5.8,0,2.6
2012/9/21,24.7,26.9,23.1,24.7,10,16,2.4
2012/9/22,22.3,25.2,20,22,9.3,10.5,2.5
2012/9/23,20.3,22.5,18.5,21.3,10,45.5,2.7
2012/9/24,23.2,28.1,19,20.1,7.5,21.5,2.2
2012/9/25,20.4,22.4,18,19.1,9.8,7.5,2.6
2012/9/26,21.8,25.5,18.7,17,10,0,2.8
2012/9/27,21.2,24.8,18.4,15.4,10,0,3.9
2012/9/28,22.3,25.1,19.6,19,9,0,3.9
2012/9/29,24.9,28.1,21.8,23.4,5.5,0,2.6
2012/9/30,25.7,29.5,22.3,24.7,9.8,13,5.2
2013/6/1,20.3,26,16.6,13.6,6.8,0,2.7
2013/6/2,18.3,23.3,14.7,13.8,7.8,0,3.2
2013/6/3,20,24.9,14.7,14.3,6.8,0,2.4
2013/6/4,23.2,29.1,18.7,16.8,0.3,0,2.8
2013/6/5,22.8,27.7,20,18.9,5.8,0,3.8
2013/6/6,22.6,25.3,20.7,18.1,10,0,3
2013/6/7,22.2,25.4,20.5,17.2,9.3,0,2.8
2013/6/8,22.3,27.7,18.7,17.2,7,0.5,2.4
2013/6/9,23.6,29.1,19.3,18.6,5.8,0,2.9
2013/6/10,23.6,27.5,21.5,20,10,0,2.3
2013/6/11,21.4,23,19.8,19.3,10,4.5,2
2013/6/12,21.1,24.1,19.3,22.5,10,7,2.6
2013/6/13,21.4,22.5,20.7,23.6,10,41,3.3
2013/6/14,23.5,27,20.5,25.4,10,11.5,2.1
2013/6/15,26,29.9,23.1,25.8,10,0,2.6
2013/6/16,22.9,25.2,21.2,24,10,26.5,2.5
2013/6/17,24.6,29.3,20.7,23.8,9.5,0,2.5
2013/6/18,26.9,30.2,23.8,25.7,10,0,2.5
2013/6/19,26.7,28,23.9,26.2,10,1,5.1
2013/6/20,22.3,24.3,20.8,23.7,10,9,3.1
2013/6/21,21.8,24,19.7,22.9,10,13,2.1
2013/6/22,22.8,26.4,18.7,20.5,8,0,2.4
2013/6/23,23.4,27.9,19.5,21.2,9,1.5,2.7
2013/6/24,23.3,27.7,19.7,21.6,10,3.5,2.1
2013/6/25,24.1,26.3,22.5,22.9,9.8,0,2
2013/6/26,21.8,23.7,19.5,22.7,10,37.5,2.7
2013/6/27,23,27.5,19,17.7,8.3,2.5,3.3
2013/6/28,22.4,25.5,19.3,19.6,9.8,0,2.8
2013/6/29,24,28.5,21.2,20.9,8.3,0,2.8
2013/6/30,24.2,27.8,22,21.7,9.8,0,3.6
2013/7/1,23.8,26.1,22.3,20.7,9.8,0,3.8
2013/7/2,24.3,27.9,22,19.8,7.5,0,3.2
2013/7/3,24.1,27.4,22.3,21.4,10,0,5.2
2013/7/4,25.2,27.3,23.2,26.6,10,0.5,3.9
2013/7/5,26.8,28.9,24.2,28.7,10,2,5.9
2013/7/6,29.2,33.7,26.8,28.8,9.5,0,6.4
2013/7/7,29.5,35.4,25.8,29.6,5.3,7.5,3.5
2013/7/8,29.4,35.3,25.7,29.1,4.3,4.5,2.1
2013/7/9,30.1,35.4,25.7,29,1,0,2.5
2013/7/10,30.2,35.3,26.9,29.3,7.3,0,2.6
2013/7/11,30.3,34.5,27.4,29.5,8,0,2.4
2013/7/12,30.9,34.9,27.8,28.7,9,0,2.5
2013/7/13,30.7,34.4,27.9,28.8,10,0,1.7
2013/7/14,29.3,34.6,24.8,28.4,10,36.5,2.4
2013/7/15,28.5,35.1,22.5,24.6,10,0,3.2
2013/7/16,25.3,29.1,21.6,21.5,9.8,0,2.6
2013/7/17,24.6,29.1,22.1,23.7,10,10.5,2.5
2013/7/18,27.7,31.8,23.8,27.6,7.8,1,3.2
2013/7/19,25.4,30.5,21.4,21.4,6.8,0,2.8
2013/7/20,23.9,28.3,21.1,19.5,9.3,0,2.4
2013/7/21,24.8,29,21,19.4,10,0,2.5
2013/7/22,26.5,30.4,23.5,26.7,10,0,2.8
2013/7/23,28,35.2,25.2,28.3,7.8,24.5,2.2
2013/7/24,25.4,27.1,24.3,27.7,10,1.5,2.6
2013/7/25,26.7,29.3,24.1,27.9,10,0,1.5
2013/7/26,28.4,32.3,25.5,29.4,10,0,2.7
2013/7/27,27.6,33.1,22.3,28.4,8,19.5,3
2013/7/28,27.3,31.8,22.9,25.4,9.5,0.5,2
2013/7/29,26.3,27.3,24.9,28.2,10,7,2.1
2013/7/30,27.8,31.2,25,28.8,10,0,2.5
2013/7/31,27.4,30.7,25.2,28.1,10,0,2.7
2013/8/1,27.5,32.8,24.2,29.1,8.8,0.5,2.4
2013/8/2,25.6,29.1,23,24,10,0,2.6
2013/8/3,26.7,30.8,23.5,23.8,7.8,0,2.5
2013/8/4,27.8,31.3,25.4,27.9,9.5,0,3
2013/8/5,29.1,32.2,26.9,29.5,6.5,0,4.4
2013/8/6,28.7,32,25.4,31.3,9.8,10.5,2.9
2013/8/7,30,34.5,26,27.5,3.5,0,2.8
2013/8/8,30.3,34.1,27.3,29.6,5.3,0,2.6
2013/8/9,31,34.5,27.7,33.3,7.5,0,2.6
2013/8/10,33.2,37.4,29,33.4,4.5,0,2
2013/8/11,32.9,38.3,30.4,30.5,6.5,0,2.2
2013/8/12,31.3,35.8,27.9,30.4,6,3.5,2.7
2013/8/13,30,34.7,26.2,27.3,9.3,6.5,3.1
2013/8/14,30.2,34.3,27.3,26.1,5,0,2.6
2013/8/15,30,34.9,26.5,28,2.8,0,3.1
2013/8/16,29.7,33,27.6,29.4,5.5,0,4
2013/8/17,29.6,32.9,27.3,27.6,9,0,4.5
2013/8/18,29.6,33.3,27.5,27.9,3.3,0,4.7
2013/8/19,30.3,34.2,27.7,28.8,1.8,0,4.2
2013/8/20,30.5,33.9,28.1,29.2,5,0,4.4
2013/8/21,29.1,33.4,25.4,31.1,9.8,26.5,2.3
2013/8/22,28.5,32.1,25,30.2,9.3,0,2.4
2013/8/23,28.2,30.9,24.8,31.7,10,7.5,2.1
2013/8/24,29,33.5,24.8,27.2,10,0.5,2.1
2013/8/25,25.5,28.5,23.1,24.8,9.3,3.5,1.6
2013/8/26,26.7,29.6,23.5,22.4,7.3,4.5,2.7
2013/8/27,25.4,30.5,20.3,21.6,6.5,35.5,2.7
2013/8/28,27.8,33.2,23.2,20.8,4,0,2.6
2013/8/29,28.3,32.6,25,25,6.5,0,3.1
2013/8/30,31.4,36.8,27.5,28.2,9.8,0,3.5
2013/8/31,30.8,35.3,27.8,29.1,2.5,0,3.6
2013/9/1,30.4,35.7,26.3,29.5,4.3,0,3.7
2013/9/2,29,33.1,25.8,27.9,8.8,0,3.2
2013/9/3,29.6,33.7,27.3,28.4,4,0,4
2013/9/4,27.9,30.8,24.7,30.7,10,14,4.6
2013/9/5,27.5,29.4,24.8,30.6,9.5,24,3.9
2013/9/6,26,28.3,24,25.1,10,0,2.8
2013/9/7,25.9,29.1,23.2,25.2,10,0,2.3
2013/9/8,25.2,28.9,21.7,27.2,10,46,2.6
2013/9/9,24.6,28.7,21.8,21.3,7.5,0,2.3
2013/9/10,24.8,27.9,21.4,21.8,9.5,1.5,2.2
2013/9/11,24.7,27.7,22.2,23.9,10,3.5,2.3
2013/9/12,27.6,31.5,23.3,24.1,4.8,0,2.2
2013/9/13,28.2,32,25.5,27.6,6.8,0,2.7
2013/9/14,28.6,32.5,25.8,28.5,10,0,2.7
2013/9/15,26.7,29.4,23.5,29.9,9.8,78,2.6
2013/9/16,26.5,29.3,21.7,24.2,7.5,16.5,6.9
2013/9/17,23.5,28.6,19.9,13.3,1.3,0,3.2
2013/9/18,23.7,28.7,19.2,15.1,1.3,0,2.3
2013/9/19,23.9,28.8,19.5,16.4,0,0,2.3
2013/9/20,24.9,29.3,20.2,19.9,1.3,0,3.3
2013/9/21,25.6,29.9,21.9,21.9,2.5,0,2.5
2013/9/22,25.3,30.1,22.4,21.9,7.8,0,2.5
2013/9/23,22,24.3,19,16.9,9.5,0,3.8
2013/9/24,22.7,26.4,17.6,21.3,10,4,2.8
2013/9/25,23.3,24.6,21.7,26.3,10,38,2.6
2013/9/26,22.1,24.2,18.1,19.1,8.5,6,3.6
2013/9/27,19.8,24.2,16.8,10.9,0.5,0,2.9
2013/9/28,20.3,25.3,15.7,14,5.5,0,2.2
2013/9/29,22.2,26.2,19.6,15.6,5.5,0,1.9
2013/9/30,22.2,26.2,18.6,17.1,7.5,0,2.5
2014/6/1,26.6,33.1,21,17.8,0,0,2.4
2014/6/2,25.5,31.4,20.5,19,5.8,0,2.3
2014/6/3,24,28.9,20.4,20.7,10,0,2.6
2014/6/4,24.3,29.4,22.1,19.7,8.8,0,3.4
2014/6/5,21.2,23.3,18.6,19.3,10,18,2.8
2014/6/6,19.9,20.9,19,21,10,123.5,3.5
2014/6/7,18.4,19.2,17.7,19.7,10,61.5,3.5
2014/6/8,20.5,22.4,17.9,21.6,10,6.5,2.5
2014/6/9,22.9,25.6,19.3,22.8,8.5,4.5,2
2014/6/10,23.5,27.8,20.4,22.8,10,2,2.3
2014/6/11,22.2,24.4,20.9,23.5,10,13,1.9
2014/6/12,22,23.7,20.7,23.6,8.8,16,2.9
2014/6/13,24.9,30.3,20.1,21.3,3.8,1.5,2.4
2014/6/14,24.7,29.4,20.1,17.1,1.8,0,3
2014/6/15,24.4,29.6,20.1,17.7,4.5,0,2.8
2014/6/16,25,29.8,21.7,19.4,8.8,0,2.8
2014/6/17,24.3,27.8,21.7,21.3,10,0,2.8
2014/6/18,23.2,25.1,21.7,20.3,10,0,1.9
2014/6/19,24.8,28.5,21.4,17.9,4,0,3.3
2014/6/20,24.6,27.9,22,19.9,9,0,3.6
2014/6/21,24.6,27.7,22.6,22.4,10,0,3.1
2014/6/22,22.5,23.6,21.3,22.3,10,6,1.8
2014/6/23,24.2,27.8,21.3,20.6,10,0,2.6
2014/6/24,22.6,26.6,20.9,22.4,9.3,5,1.9
2014/6/25,22.6,26.2,20.6,22.3,9.8,5.5,1.9
2014/6/26,23.6,28.2,20.3,21.6,10,0,2.6
2014/6/27,23.9,26.2,22.2,23.5,9.3,7.5,2.3
2014/6/28,22.8,24.8,21.5,24.5,10,13,2.2
2014/6/29,23.3,28.9,21,24.6,9,27.5,2.2
2014/6/30,23.6,27.3,20.7,22.1,10,0,2.7
2014/7/1,25.3,29.6,21,22.6,8.5,1.5,2.7
2014/7/2,25.8,30.3,22.2,22.2,5.8,0,2.8
2014/7/3,24.8,27.5,21.8,23.8,10,2,2.8
2014/7/4,21.6,23.4,20.6,23.1,10,5,2.4
2014/7/5,22,24.3,20.1,22,8.3,1.5,2.2
2014/7/6,24.2,28.5,20.6,21.8,8.5,0,2.5
2014/7/7,23.4,24.9,21.6,25.6,10,7,2.4
2014/7/8,26.8,31.5,21.6,23.2,6.8,0,2.6
2014/7/9,24.2,25.7,23.3,26.6,10,9,2.3
2014/7/10,26.6,29.7,23.5,29.3,10,3.5,5.3
2014/7/11,28.5,34.2,24.1,29.7,8.8,4,2.8
2014/7/12,29.2,32.8,26.5,25.2,9,0,2.9
2014/7/13,26.9,28,25.6,26.7,8.8,0,3.3
2014/7/14,28.5,32.9,25.4,27.8,10,0,2.6
2014/7/15,28.2,32.5,24.7,25.4,5.5,0,2.8
2014/7/16,28,32.3,24.7,28,4.5,0,2.7
2014/7/17,27.1,31.8,24.4,26.3,10,0,3.1
2014/7/18,24.9,27.5,22.6,25.3,10,2.5,2.3
2014/7/19,23.8,26.4,22.1,24.7,10,6.5,1.9
2014/7/20,24.5,29.9,21.8,24.4,10,53,2.1
2014/7/21,25,28.8,22.6,25.2,9.3,0,2.4
2014/7/22,27.7,31.2,24.7,27.7,10,0,2.6
2014/7/23,29.4,33.1,25.6,28.8,7.8,0,2.4
2014/7/24,29.9,34.6,26.2,30.1,7.8,7,2.2
2014/7/25,30.5,35.6,26.4,28.4,2.5,0,2.7
2014/7/26,30.5,34.6,27.9,31,2.3,0,3.3
2014/7/27,30.1,34.5,27.1,29.6,5,3,3.1
2014/7/28,27.7,30.7,25.9,21.2,3.3,0,3.1
2014/7/29,27.6,31.8,24.1,22.3,3.5,0,3.3
2014/7/30,27.9,31.8,25,25.8,5.3,0,3.5
2014/7/31,29.5,33.9,26.1,28.5,3.8,0,2.8
2014/8/1,29.8,33.5,26.6,29.6,6.8,0,3
2014/8/2,30.9,35.3,27,27.9,7,0,2.2
2014/8/3,31,35.5,27.9,27.3,4.5,0,2.9
2014/8/4,30.5,34.7,27.8,27.5,8.5,0,4.8
2014/8/5,31.1,36.1,28,28.4,1,0,5.9
2014/8/6,30.8,35.7,27.9,28,0,0,5.6
2014/8/7,29.7,34.2,27.6,27.3,3.5,0,5.1
2014/8/8,29,31.7,26.6,26.9,9,0,2.4
2014/8/9,25.4,27.8,22.8,25.9,10,0,3.3
2014/8/10,26.3,29.4,22.2,29.3,10,45,5.5
2014/8/11,29.4,32.9,27.3,27.9,8.3,0,7.3
2014/8/12,26.3,29.6,21.7,26.9,8.5,0.5,3.2
2014/8/13,26.7,31.5,21.9,26.4,9.5,0,2.1
2014/8/14,27.1,30.1,25.8,30.6,10,19.5,1.3
2014/8/15,29.5,33.6,25.6,29.7,7.5,0,5.1
2014/8/16,27,31.2,23.2,28.7,9,1.5,3.1
2014/8/17,26.2,30.8,22.3,27.2,9,0,2
2014/8/18,29.1,33.6,26,28.9,5.8,0,3
2014/8/19,30.3,34.7,26.5,28.6,1.8,0,3.3
2014/8/20,31.1,34.5,27.8,31.5,4.3,0,2.4
2014/8/21,30.5,34.1,27.5,30.7,6.3,0,2.4
2014/8/22,30.2,34.6,27.6,30.1,5.8,0,3
2014/8/23,27.6,30.3,25.8,26.3,9.3,0,3.2
2014/8/24,28.4,32.1,25.3,26.4,9.5,0,2.3
2014/8/25,27,29.3,24.8,26.2,10,0,2.3
2014/8/26,25.2,26.9,23.2,26.1,10,0,2.6
2014/8/27,21.2,23.4,19.9,22,10,5,2.8
2014/8/28,21.1,23,19.6,22.8,10,7,2
2014/8/29,23.3,26.2,20.8,23.3,10,0.5,2.1
2014/8/30,22.6,26.1,19.9,21.9,8.5,26,2.5
2014/8/31,23.2,25.7,21.3,22.1,9.5,0,2
2014/9/1,21.8,23.8,20.1,23.2,10,38.5,2.4
2014/9/2,24.5,29.8,20,22.1,3.8,0,2.7
2014/9/3,24.1,27.3,22,21.4,9.5,0,2.6
2014/9/4,25.2,27.7,22,23,7.8,0,2.6
2014/9/5,27.8,31.6,24.2,28,7.8,0,3
2014/9/6,27.3,31.1,24.1,27.7,10,9,2.6
2014/9/7,21.7,24.4,19.4,22.3,10,5,2
2014/9/8,22.1,24.4,19.6,21.8,7.5,2,1.7
2014/9/9,23.5,28.1,20.1,20.7,8,1.5,3.1
2014/9/10,23.4,26.9,19.8,22.2,10,81,2.3
2014/9/11,21.8,23.2,19.9,22.3,10,4.5,1.8
2014/9/12,23.5,27.5,19.4,18.3,6,0,2.4
2014/9/13,23.1,27.3,20.3,18.3,7.8,0,2.6
2014/9/14,23.8,28.7,19.7,18.3,3.8,0,2.6
2014/9/15,24.1,26,21.5,19.3,10,0,2
2014/9/16,25.1,29.5,21.5,21.7,8.5,0,2.3
2014/9/17,23.3,26.1,20.9,18.1,10,0,2.8
2014/9/18,22.3,25.9,19.9,13.1,10,0,3
2014/9/19,22.3,25.6,18.4,12.2,9.8,0,2.2
2014/9/20,20.5,22.3,19.4,15.2,10,0,2.3
2014/9/21,21.3,26.7,16.4,14.6,6.8,0,2.7
2014/9/22,22.6,27.2,19.4,16.9,7.3,0,2.1
2014/9/23,22.1,26.4,17.7,15.2,5.8,0,2.8
2014/9/24,22.4,25.9,19.4,20.2,9.5,8.5,3.6
2014/9/25,24.4,28.5,22.1,23.8,10,5.5,4.5
2014/9/26,22.9,28.1,19.8,17.7,7.5,0,3.2
2014/9/27,20.2,23.5,17.4,15.3,7,0,3.2
2014/9/28,21.7,27,17.6,16.5,3.5,0,3.3
2014/9/29,23.5,28.3,20.2,15.2,0.3,0,3.1
2014/9/30,24.7,29.1,20.8,18.4,4.8,0,1.8
2015/5/1,20.5,27.5,14.5,14.4,0.3,0,2.4
2015/5/2,21,27.6,15.2,15.7,1,0,2.7
2015/5/3,21.2,27,17.2,14.9,9.8,0,2.9
2015/5/4,21.6,26.6,18.5,17.4,8,0,5.4
2015/5/5,18.3,22.4,13.1,8.8,5.3,0,3.8
2015/5/6,18.2,24.7,11.6,9.8,6.5,0,3.2
2015/5/7,19.1,24.7,15.7,13.2,6.8,0,2.1
2015/5/8,20.7,26.8,15.8,14.3,4.8,0,2.6
2015/5/9,18.7,21.3,16.3,16.3,10,0,2
2015/5/10,19.7,27,13.8,9.1,5.8,0,3.5
2015/5/11,17.2,23.5,12.1,6.6,6.5,0,3.8
2015/5/12,19.6,22.7,15.9,16.9,10,58.5,6
2015/5/13,22.5,28.4,17.4,14.1,2.3,0,3.7
2015/5/14,23.1,28.6,16.9,12.8,6.3,0,3.2
2015/5/15,22.7,27.8,18.9,16.2,6,0,3.4
2015/5/16,20.9,23.7,19.5,20.7,10,3.5,2.6
2015/5/17,22.2,27.8,18.9,16.2,10,0,3.1
2015/5/18,21.5,26.2,17.5,18.4,10,3.5,3.6
2015/5/19,20.2,24.2,16.6,21.2,10,4.5,1.9
2015/5/20,22.2,27.3,18.3,18.3,9,0.5,2.8
2015/5/21,19.5,25.7,13.4,11.6,3.5,8.5,4
2015/5/22,20.5,26,15,13.8,6.3,0,4.1
2015/5/23,21.6,27.1,16.1,14.4,9.5,0,3
2015/5/24,21,26,17.3,14.9,10,0,2.7
2015/5/25,21.3,26.1,16.6,16.9,9.3,0,2.4
2015/5/26,23.3,30.9,16.9,14.1,1,0,2.6
2015/5/27,23.9,30.2,18.7,15.8,2.5,0,3.2
2015/5/28,22.1,26.8,18.4,17.8,10,0,3.1
2015/5/29,20.7,22.8,18.3,20.2,10,9,3
2015/5/30,23.4,29.6,18.4,19.1,7.8,0,3.3
2015/5/31,25.7,32.2,20.6,18.3,6.5,0,2.6
2015/6/1,23.6,27.7,20.8,14.6,8,0,3.5
2015/6/2,23.5,28.7,19.7,18.8,7.8,0,4.1
2015/6/3,21.7,22.9,20.1,22.9,10,16,2.4
2015/6/4,23.1,29.1,18.6,9.5,4.3,0,4.7
2015/6/5,18.8,22.5,14.2,13.8,10,27,2.4
2015/6/6,18,24.6,13.4,16.2,10,23.5,2.7
2015/6/7,20.8,25.5,16.1,15.6,7.5,0,3.2
2015/6/8,21,25.3,17.2,16.9,9.3,0.5,3.8
2015/6/9,19.5,21.9,17.3,20.8,10,33,2.5
2015/6/10,22.6,27.8,17.5,18.6,9.5,0,2.8
2015/6/11,23,27.5,18.9,19.7,10,0,2.6
2015/6/12,21.4,25,18.9,22.8,10,4.5,1.8
2015/6/13,24,29,20.8,23.3,9.8,0,2.7
2015/6/14,22.5,26.8,20.5,22.5,10,1.5,2.4
2015/6/15,24.6,30.8,19.5,20.7,9.8,0,2.5
2015/6/16,23.3,27.2,20,21.6,9.8,31,2.2
2015/6/17,21.6,24.8,19.8,22.5,9.5,11,2.2
2015/6/18,21.9,26.1,19.8,19.9,10,0,3
2015/6/19,19.1,20.8,17.6,20.4,10,10.5,2.7
2015/6/20,21.7,26.9,17.2,17.5,10,0,2.9
2015/6/21,20.6,22.8,18.2,20.8,8,0.5,1.8
2015/6/22,22.6,26.8,18.5,20.4,9.8,0,2.3
2015/6/23,23.4,28.8,18.4,21.7,9,20,2.7
2015/6/24,23.8,29.9,18,20.6,2.8,0,2.4
2015/6/25,24.3,28.7,20.6,21.5,6.3,0,2.9
2015/6/26,22.4,25.6,20.6,23.2,9.5,13,2.4
2015/6/27,22.6,25.5,20.6,26.6,10,3,1.5
2015/6/28,23.2,31.4,18.4,19.6,8.5,0,2.7
2015/6/29,21.6,26.3,18,17.3,8.8,0,3.2
2015/6/30,22.5,26.7,19.8,20.2,10,0.5,3.2
2015/7/1,20.5,22.4,19.2,23.6,10,13.5,2.1
2015/7/2,22.5,25,20.1,24.6,9.8,2.5,1.9
2015/7/3,21.9,23.4,20.8,26,10,67.5,2
2015/7/4,22.5,25.9,20.8,25.9,10,4,1.8
2015/7/5,20.1,21.9,19.1,22.5,10,20,1.8
2015/7/6,19.8,21.1,18.9,22.3,10,14.5,1.7
2015/7/7,21.3,24.3,18.7,23.1,10,0,1.5
2015/7/8,22.4,26.6,19.2,25,10,11,1.7
2015/7/9,19.4,20.4,18.6,21.8,10,11,2
2015/7/10,23.2,28.9,17.6,22.3,5.8,0.5,2.1
2015/7/11,25.9,31.3,21.1,24.8,2,0,2.8
2015/7/12,27.2,32,22.4,26.2,5.8,0,2.7
2015/7/13,29.4,34.2,24.1,27.1,9.5,0,5
2015/7/14,29.9,34.3,26.7,25.2,1.8,0,6.8
2015/7/15,28.4,33.2,24.2,24.8,5.5,0,4.7
2015/7/16,26.4,28.9,23.6,30.8,10,63.5,4.8
2015/7/17,26.7,30.4,22.8,28.9,10,14.5,5.3
2015/7/18,27.2,29.9,25.6,27.6,9.3,0.5,5.5
2015/7/19,29.4,34.8,25,27.9,6.5,0,3.3
2015/7/20,28.8,33.5,25.8,29.5,8,0,2.4
2015/7/21,29.4,34.9,25.4,26.2,1.5,0,3.8
2015/7/22,28.9,32.8,25.4,23.9,1.8,0,6.4
2015/7/23,27,30.4,24.7,28.2,9.5,4.5,4.5
2015/7/24,28.1,33.9,25,31.1,9,7,2
2015/7/25,28.6,33.1,24.7,31,7,0,2.2
2015/7/26,30.3,35.8,26,30.5,5,0,2.4
2015/7/27,30.4,35,25.6,29.4,2.5,0,2.7
2015/7/28,29.6,34.1,27.1,29.7,9,0,2.4
2015/7/29,29.4,32.5,27.1,28.4,10,0,2.6
2015/7/30,29.1,34.3,26.5,30.1,10,0,2.2
2015/7/31,30,35,25.9,29.8,3,0,2.7
2015/8/1,30.5,35.3,26.6,32.4,3,0,2.6
2015/8/2,30.2,35.1,26.3,30.2,3.5,0,2.6
2015/8/3,29.8,35,26.1,28.9,2,0,3.1
2015/8/4,30,35.1,26.5,28.9,2.3,0,3.4
2015/8/5,30.2,35.2,25.7,29.4,0.3,0,4.1
2015/8/6,30.9,35.9,26.8,30,2,0,3
2015/8/7,31.5,37.7,26.8,27.7,6,0,2.6
2015/8/8,27.6,32.6,24.9,26,9.3,0,3.2
2015/8/9,27.9,33.4,24.7,25.2,7.8,0,2.5
2015/8/10,27.9,31.9,25.5,29.4,8.5,1,2.6
2015/8/11,29.4,35.5,25.3,27.9,7.5,0,2.6
2015/8/12,28.9,33.7,26.3,28.9,10,0,2.3
2015/8/13,27.5,30.5,25.3,30.1,9,1,3
2015/8/14,26.9,31.8,24,29.5,9.8,2,2.3
2015/8/15,27.7,33.1,24.1,27.8,5.3,0,2.5
2015/8/16,27.8,31.9,24.6,28.3,8.3,8,2.7
2015/8/17,25.7,28,23.6,31.5,9.3,33.5,4
2015/8/18,28.2,31.9,26,29.1,9.5,0,3.8
2015/8/19,27.8,31.4,25.7,26.1,10,0,3
2015/8/20,25.6,27,24,30.1,10,8,1.9
2015/8/21,26,29.4,24.5,29.4,10,2.5,1.9
2015/8/22,28.3,32.7,24.7,30.4,7.3,0,3.3
2015/8/23,26.7,31.4,24,26.3,7.8,0,3.3
2015/8/24,24.3,29.3,21.6,20.3,9.8,0,3.3
2015/8/25,21.5,22.9,18.2,17.3,10,0.5,3.3
2015/8/26,19.5,21.3,17.9,22.6,10,35.5,3.3
2015/8/27,23.6,27.3,20.2,23.3,10,0,2.4
2015/8/28,21.7,22.9,19.9,21.8,10,3,2.7
2015/8/29,20,21,19.1,22.9,10,2.5,2.4
2015/8/30,21.2,22.5,20.3,24.1,10,3.5,1.8
2015/8/31,22.1,24.1,20.6,25,10,2.5,1.7
2015/9/1,23.7,26.5,21.4,28.2,10,12,2
2015/9/2,26.9,31.5,24.5,28.7,7.8,5.5,5
2015/9/3,25.7,30.4,22.9,25.5,9.8,1.5,2.6
2015/9/4,24.7,30.1,22.3,27.2,7.3,14,2.5
2015/9/5,25.4,29.3,22.9,22.3,10,0,2.5
2015/9/6,23.8,27.5,22.4,25.9,10,46.5,1.9
2015/9/7,23,26.1,20.7,27.4,10,19,2.3
2015/9/8,20,21,18.8,23.3,10,65.5,2.2
2015/9/9,22.4,25.3,18.7,27,10,156.5,2.7
2015/9/10,21.8,23.5,19.8,25.8,10,50,2.1
2015/9/11,23.9,29.3,19.7,23,3.8,0,2.8
2015/9/12,24.7,29.5,20.5,22.9,2.8,0,2.8
2015/9/13,24.4,27.5,21.7,23.1,6.3,0,3.7
2015/9/14,22.9,27.3,20.5,19,8.5,0,3.1
2015/9/15,22.3,27.5,18.8,17.7,9.5,0,2.5
2015/9/16,21.1,25.2,17.8,18.2,10,4,2.3
2015/9/17,17.9,18.9,16.1,20.1,10,74.5,2.6
2015/9/18,20.6,23.9,18,23.4,10,5.5,1.7
2015/9/19,24.1,29.3,20.4,21.5,8.5,0,2.3
2015/9/20,23.3,28.4,19.8,16.7,6.5,0,2.5
2015/9/21,22.7,27.5,19.5,18.5,7.3,0,2.1
2015/9/22,23,28.5,19.6,16.9,7.3,0,2.3
2015/9/23,22.4,27.2,18.9,15.9,6.8,0,2.4
2015/9/24,20.4,23,18.2,19.8,8,1,2
2015/9/25,17.7,19.5,16.1,20,10,43,2.5
2015/9/26,20.5,24.6,17.5,21.9,10,5,1.8
2015/9/27,21.4,24.5,19.8,23.1,9.8,0,1.6
2015/9/28,23.3,27.8,19.3,20.5,6,0,2.5
2015/9/29,22.7,26.6,19.6,11.9,9.3,0,2.8
2015/9/30,20.9,25.8,17.3,10.3,4.5,0,4.1
2016/5/1,18.2,25,11.9,12.6,6.3,0,2.1
2016/5/2,17.4,21.4,13.2,14.5,10,0,2.8
2016/5/3,20.4,24.7,17.1,17.4,9.8,0,4.9
2016/5/4,22.1,27,18.7,14.1,3.8,13.5,6.9
2016/5/5,22.1,27.4,17.1,9.4,2.5,0,3.3
2016/5/6,18.1,22.5,15.2,13.5,10,2.5,3.2
2016/5/7,21.2,26.4,15.4,15.5,7.3,0,4.3
2016/5/8,21.3,27,17.2,9.8,7.5,0,4
2016/5/9,18.5,21.8,16.2,16.8,10,19,3.2
2016/5/10,18.4,22.6,16.1,19.2,10,6,2.8
2016/5/11,21.4,27.1,16,20.3,10,5.5,4.8
2016/5/12,21.7,28,17.5,13.2,2.5,0,3.4
2016/5/13,21.2,26.5,16.5,15,5.5,0,2.9
2016/5/14,19.8,24.8,14.4,13.6,8.8,0,3.2
2016/5/15,17.6,23.7,12.5,12.5,8.8,0,2.9
2016/5/16,19,23.3,14.2,15.1,9,0,4.1
2016/5/17,18.3,20.5,14.9,20,10,31.5,3.5
2016/5/18,20,27.6,13.1,10.8,1.3,0,2.7
2016/5/19,19.3,25.1,14.8,10.8,5,0,3.2
2016/5/20,17.2,20.8,14.4,12.2,10,0,2.8
2016/5/21,19.1,26.3,12.8,13.3,2.8,0,2.4
2016/5/22,22.4,29.3,16.9,12.4,2.5,0,2.7
2016/5/23,23.5,30.9,15.1,12.6,4,0,2.4
2016/5/24,23.4,29.3,18,14.8,9.5,0,3.6
2016/5/25,22.2,24.5,20.5,18.9,10,0,5.1
2016/5/26,23,27.2,20.3,20.6,6.8,0,4.5
2016/5/27,19.4,22.4,15.2,20.5,9.5,36.5,3.1
2016/5/28,19.3,24.1,15.1,17.6,7.5,0,1.7
2016/5/29,21.7,27.9,16.1,17.8,6.3,0,3
2016/5/30,17.4,21.3,15.4,18.3,10,23,2.4
2016/5/31,20.4,24.9,16.3,18.7,10,0,3
2016/6/1,21.5,26.4,18,13.1,10,0,3.3
2016/6/2,20.7,26,16.3,7.8,0.3,0,4.8
2016/6/3,19.4,24.2,14.2,11.1,2,0,4
2016/6/4,21.7,27.2,16.3,16.2,10,0,4.5
2016/6/5,19.3,23.4,16.4,17.2,7,3,2.8
2016/6/6,20,23.9,16.3,17.6,10,0,2.6
2016/6/7,19.6,20.9,18.4,19.1,10,0.5,2
2016/6/8,21.9,27.3,16.5,18.6,10,0,3.1
2016/6/9,21.2,23.7,19.6,24.3,10,6.5,1.9
2016/6/10,23.5,28.8,19.4,19.8,4.5,0,2.9
2016/6/11,23.5,29.1,17.9,18,5.3,0,3.2
2016/6/12,23.9,28.3,20.4,20.5,10,0,3.1
2016/6/13,19.8,22.7,18.3,22.6,10,98.5,3.6
2016/6/14,22.2,26.2,18.4,18.7,9.3,0,3
2016/6/15,20.8,22.2,19.6,20,10,0,2.8
2016/6/16,22.1,24.4,19.7,22,10,7.5,3.4
2016/6/17,24.2,29.2,19.4,23.7,6.3,2.5,2.5
2016/6/18,26.7,33,21.1,16.7,3.3,0,3.4
2016/6/19,24.3,29.3,21.4,21.3,10,5,4
2016/6/20,24.3,28.8,20.4,24.7,10,4,2.1
2016/6/21,22.7,25.7,21.2,24.3,9,10,1.9
2016/6/22,22.7,23.9,21.1,24.3,10,0.5,2.5
2016/6/23,23,26.9,21.4,24.7,8.8,9.5,2.2
2016/6/24,22.7,25.3,20.9,23.1,10,1.5,2.9
2016/6/25,25.4,28.7,21.9,25.2,10,1,3.8
2016/6/26,25.5,30,21.5,19.5,8,0,2.7
2016/6/27,24.4,28.9,20.9,20,5,0,3.2
2016/6/28,19.1,22.8,17.1,21,10,23,2
2016/6/29,21.5,24.2,19.1,22.3,10,0.5,1.9
2016/6/30,23,27.1,20.1,25,10,1,1.7
2016/7/1,25.6,30.6,22,27,10,0,2.3
2016/7/2,27,31.8,23.4,27.8,9.5,0,3
2016/7/3,29.2,35.4,24.6,28.5,9,0,3.3
2016/7/4,27.8,33.8,23.6,27.7,3.3,1.5,2.4
2016/7/5,21.7,25.6,20.2,21.1,10,0,3.1
2016/7/6,23.1,26.9,20.5,23.7,7.5,0,2.6
2016/7/7,27.4,36.7,21.9,25.8,4.8,0,3
2016/7/8,25.3,29.8,22.1,24.7,10,0,2.3
2016/7/9,22.4,24.9,20.3,25.8,10,12.5,3
2016/7/10,25.6,31.3,20.2,25.2,7,0,2.6
2016/7/11,28,33.5,22.3,25,3.5,0,2.8
2016/7/12,27.1,31.8,24.6,27.3,7.8,0,3.1
2016/7/13,25.1,27.6,23.5,30,10,2,1.7
2016/7/14,25.9,32.9,21.3,29.1,9.5,21,2.4
2016/7/15,22.2,24,21,25.2,10,5.5,2.6
2016/7/16,24.1,27.7,20.1,23.6,10,0,2.4
2016/7/17,25.9,28.8,23.6,28.9,10,0,1.8
2016/7/18,28.7,33.5,25,29.4,8.3,0,2.7
2016/7/19,27.3,32.3,23.7,27.3,6.8,5,2.8
2016/7/20,26.3,29.9,23.3,25.9,8.5,1,3.3
2016/7/21,21.8,24.3,20.9,25.1,10,28.5,2.5
2016/7/22,21.4,22.7,20.4,22,10,3.5,2.6
2016/7/23,22.4,27.1,19.8,19,10,0,2.6
2016/7/24,23.9,29,19,21.4,8.5,0,2.4
2016/7/25,24.7,27.9,21.1,23.8,9.5,0,2.2
2016/7/26,23.8,27.4,21.4,25.4,10,1,2.9
2016/7/27,24.5,27.3,22.4,25.5,10,0,3
2016/7/28,26.5,31.1,23.3,26.8,9.3,0,2.9
2016/7/29,27.2,32.4,22.9,25.6,3,0,3.1
2016/7/30,27.2,32.9,22.1,25.9,1.3,0,2.5
2016/7/31,27.5,30.8,24.4,27.8,6.5,0,3
2016/8/1,27.4,31.5,24.6,28.6,9.5,2,2.4
2016/8/2,25.9,29.4,22.5,29.5,10,27,2.4
2016/8/3,26.8,32,23.4,29.2,10,16,2.5
2016/8/4,28.1,33,24.4,29.3,4.8,0,2.9
2016/8/5,28.7,33.4,24.6,29.6,3.8,0,3.1
2016/8/6,29.1,34.2,25.8,30.1,4.8,0,2.7
2016/8/7,28.6,33.6,24.5,27.1,2.5,0,2.9
2016/8/8,28.5,33.2,25.3,26.1,9.3,0,3.4
2016/8/9,31.9,37.7,25.7,23.8,7,0,3.6
2016/8/10,29.1,34,26,26.5,6,0,3.1
2016/8/11,27.3,32.1,25.2,23.5,9.8,0,2.5
2016/8/12,26.7,31.9,24.2,24.2,9,0,2.9
2016/8/13,26.5,31.8,23.3,23.4,8.3,0,2.7
2016/8/14,26,30.4,23.5,22.7,10,0,2.6
2016/8/15,26.6,30.8,24.4,26.6,10,0.5,3.5
2016/8/16,26.9,33.1,23.7,28.9,9,33,3.1
2016/8/17,28.7,34.3,23,30.6,7.3,14,5
2016/8/18,26.9,31.6,25.2,32.6,10,67,2.1
2016/8/19,27.6,32.3,25,29.7,9.3,5,3.4
2016/8/20,25.7,30,24.1,31,9.8,82,2.4
2016/8/21,27.9,33.5,23.5,30.9,9.5,0,3.2
2016/8/22,25.7,28.3,23.2,31.8,10,106.5,4.6
2016/8/23,26.8,30.4,24.2,30.3,10,0.5,2.8
2016/8/24,26.5,31.2,23.5,28.6,8,0,2.3
2016/8/25,28,32.7,23.5,28.2,4,0,3
2016/8/26,28.3,32.8,24,28.9,5,0,2.9
2016/8/27,24.3,27,21.6,26.4,9,2,3.2
2016/8/28,22.6,24.6,21.3,23.9,10,2,2.8
2016/8/29,25.6,30.1,22.1,30,9.3,16,2.9
2016/8/30,25.1,28.1,22.5,28,7.8,40.5,3.8
2016/8/31,26.8,31.1,22.5,21.9,0.3,0,5.3
2016/9/1,27,32.5,22,23.9,1.5,0,2.5
2016/9/2,26.7,29.8,23,26.4,4.8,0,2.5
2016/9/3,27.2,32.5,24.6,27.3,8.3,0,2.9
2016/9/4,26.7,31.9,24,29.2,7.3,3,2.4
2016/9/5,28.4,33,24.8,29.1,6.3,0,3.7
2016/9/6,28.8,32.4,25.9,29.1,8,0,4.1
2016/9/7,27.1,30.3,25.4,30.5,9.5,4.5,3.2
2016/9/8,26.4,30.4,24.7,31.4,10,11.5,3.5
2016/9/9,27,32.5,22.6,27.6,8,0,2.4
2016/9/10,26.6,31.2,23.3,25.3,7.8,0,2.5
2016/9/11,23.2,25.1,20.8,24.8,10,5,2.3
2016/9/12,24.7,27.7,22.5,24.9,10,0,2.4
2016/9/13,22.6,23.9,21.4,26.6,10,34.5,2.1
2016/9/14,23.1,26.6,20.6,25.1,10,0,1.8
2016/9/15,24.1,26.4,22.2,26.4,10,24,1.9
2016/9/16,22.9,24.4,21.9,25.8,9.5,3.5,1.9
2016/9/17,25.3,29.4,21.6,27.2,9.5,0,2.1
2016/9/18,24.6,26.9,22.2,27.6,10,2,2.7
2016/9/19,21.3,22.9,19.2,24.3,10,21.5,2.6
2016/9/20,19.1,20.1,17.6,22.1,10,91.5,3
2016/9/21,20.1,23.2,17.6,20.2,10,0,2.5
2016/9/22,19.4,20.9,18.1,22.1,10,56.5,2.4
2016/9/23,20.8,22.1,19.4,24.6,10,16.5,1.2
2016/9/24,21.8,23.9,20.8,25.6,10,10.5,1.8
2016/9/25,23.6,28.4,20.3,25.9,10,0,1.8
2016/9/26,25.4,30.1,21.9,28,10,0,1.8
2016/9/27,25.6,29.8,22.8,29.1,9,0,2
2016/9/28,26.5,30.6,24,29.6,8.5,0,2.2
2016/9/29,24.6,27.9,21.7,27,10,0,2.2
2016/9/30,21.4,24.7,18.8,16.7,10,2.5,2.7
2017/5/1,17.7,26,13.6,12.1,4,1,2.4
2017/5/2,16.6,23.3,11.3,7.6,3.8,0,3.1
2017/5/3,17.1,22.4,12.3,11.8,10,0,3.8
2017/5/4,18.1,23.3,15,13.5,6.8,0,4.3
2017/5/5,19.6,25.6,14.6,15.6,2.5,0,3.2
2017/5/6,21.7,28.2,15.3,19,7.8,0,3.3
2017/5/7,19.9,24.3,13.8,16.6,9,0,3.1
2017/5/8,20.8,27.8,13.6,13.4,5,0,2.6
2017/5/9,19.1,21.9,16.3,12.5,9.5,0,2.9
2017/5/10,16.3,17.9,15.1,17.6,10,4,1.7
2017/5/11,21,27.4,14.8,16.7,7,0,2
2017/5/12,21.6,28.3,17.2,18.7,7.5,0,3.2
2017/5/13,17.8,20.1,16.1,19.2,10,27,3.1
2017/5/14,17.8,20.4,15.3,16.1,9.8,0,2.8
2017/5/15,17.7,22.6,15.4,17,9.8,0,2.5
2017/5/16,18.9,23.4,16.4,15.4,10,0,3
2017/5/17,17.2,19.7,14.8,13.6,10,0,2.7
2017/5/18,17.6,23.6,14.5,16.3,7.8,1.5,2.1
2017/5/19,20,26.3,14.6,16.8,4,0,2.9
2017/5/20,22.1,28.7,15.5,17.5,0,0,2.6
2017/5/21,23.8,30.9,17.6,17.9,3.3,0,2.7
2017/5/22,23.2,29,18.2,18.5,6,0,3.6
2017/5/23,22.5,27.4,19,17.5,2.8,0,5
2017/5/24,22.2,26.2,19.2,19.1,10,0,4
2017/5/25,20.9,24,18,20.8,10,1,2.5
2017/5/26,18.8,20.8,17.3,20,10,14.5,2.4
2017/5/27,20.9,27.3,18,18.6,9.5,0,3.3
2017/5/28,20.9,26.7,17.9,16.5,8.5,0,2.7
2017/5/29,21.5,26.9,17,17.9,5.5,0,3.5
2017/5/30,23.3,29.1,17.2,19.8,5.3,0,3
2017/5/31,23.6,27.5,20.7,22.1,10,0,3.7
2017/6/1,21.5,26.4,19.3,23.4,9.8,15.5,2.4
2017/6/2,23,29.1,18.3,15.1,4,0,3.6
2017/6/3,21.4,26.6,16,11.3,2.8,0,3.6
2017/6/4,21,26.7,16.7,10.1,6.5,0,3.6
2017/6/5,19.6,25.6,15.3,13.3,8,3.5,3.1
2017/6/6,19.6,24.2,15.4,15.5,9,0,3
2017/6/7,20.3,22.6,17.9,17.6,10,0,4.4
2017/6/8,22,25.8,19.2,20.3,10,0,4.1
2017/6/9,23.1,28.1,20.6,19.2,9.8,0,3.2
2017/6/10,24.6,30.6,20,18.7,8.8,0,3.4
2017/6/11,21.7,25.3,19.1,14.2,10,0,3
2017/6/12,20.5,26.3,16.6,13.8,9.3,0,3.1
2017/6/13,16.9,19.4,14.8,17.6,10,9.5,2.5
2017/6/14,19.3,24.6,15.2,17.9,9.3,3.5,2.7
2017/6/15,21.3,26,17.4,18.5,7,0,3
2017/6/16,22.4,29,17.5,18.7,5.8,0,2.9
2017/6/17,22.3,27.7,17.9,15.9,5.5,0,2.9
2017/6/18,19.5,22.5,17.7,19.2,10,11.5,2.7
2017/6/19,22.6,30.5,17.3,16.4,5.8,1,3.5
2017/6/20,22.7,28,16.5,20.7,9.8,0,3.3
2017/6/21,22.4,24.4,19.8,24.3,9.5,45.5,5
2017/6/22,24,27.9,20,18.3,10,0,3.1
2017/6/23,24.6,30.2,19.1,20.8,3,0,3.2
2017/6/24,24.6,29,21.9,22.8,9.3,0,3.2
2017/6/25,22.3,23.9,21.5,25.7,10,10,1.9
2017/6/26,23.1,25.9,20.3,23.1,10,0.5,2.7
2017/6/27,23.2,25.6,21.3,24.5,10,1,2.4
2017/6/28,22.4,25,20.2,25.3,8.5,3,1.6
2017/6/29,24.6,29.1,19.9,24.3,10,0,2.6
2017/6/30,23.8,25.7,22.1,26.2,10,2,2.9
2017/7/1,23.4,25.3,22.1,25.9,10,2,2.1
2017/7/2,25.7,32,20.9,27.3,9.8,1,1.9
2017/7/3,28.3,32.5,24.5,28.5,10,0,2.5
2017/7/4,26.8,29.9,23.5,29.1,10,15,2
2017/7/5,26.3,31.4,21.6,27.8,9,0.5,3.1
2017/7/6,26.2,30.7,23.2,25,7.8,0,3.1
2017/7/7,27,32.3,23,26.1,5,0,2.6
2017/7/8,27.9,33.7,22.8,25.5,1,0,2.6
2017/7/9,27.3,32.5,23,28.1,2.5,0,2.9
2017/7/10,27.4,32.1,23,28.3,1.5,0,3.7
2017/7/11,27.7,31.6,24.8,28.6,6,0,4.8
2017/7/12,28.9,33.1,25.6,30.5,6.5,0,4.1
2017/7/13,28.5,33.4,26,30.1,6.8,0,5
2017/7/14,28.2,32.4,25.4,28,1.5,0,4.4
2017/7/15,28.1,33.7,23.6,27.9,5.8,0,2.8
2017/7/16,28.9,34.9,25.1,29.8,10,0,2.2
2017/7/17,29.7,35,25.3,27.3,10,0,3
2017/7/18,26.3,32.7,22.7,28.4,10,10.5,2.3
2017/7/19,26.5,31.1,22.9,26.9,8.8,0,3.4
2017/7/20,28.2,32.3,24.9,28.7,4.8,0,3.8
2017/7/21,29.1,33.7,25.8,29.1,4.8,0,4.5
2017/7/22,28.7,32.5,25.8,29.5,6.8,0,4.1
2017/7/23,27.3,28.5,26.2,28.6,10,0,4.5
2017/7/24,29.1,32.9,26.7,29.3,10,0,4.7
2017/7/25,29.4,32.7,27,31.1,9,0,3.5
2017/7/26,24.6,28.2,23.2,28.1,10,35,2.7
2017/7/27,24.2,26.7,22.5,24.3,10,0.5,2.4
2017/7/28,26.8,32.3,22.5,29,9.3,0,2.2
2017/7/29,26.8,33.5,23.7,29.7,9.8,16,2.4
2017/7/30,25.6,29.2,23.3,28,10,0.5,2.3
2017/7/31,28,33,23.2,28.9,7,0,2.4
2017/8/1,26.3,31,22.7,29.7,10,6.5,2.8
2017/8/2,22.9,25.4,20.9,22.9,10,0.5,3
2017/8/3,24.3,28.9,20.2,23,9,0,2.3
2017/8/4,25.6,29.2,22,28.1,10,0,2.2
2017/8/5,27.8,31.9,24.6,31.4,10,0.5,1.8
2017/8/6,29,33.5,26.3,32.4,8,0,2.7
2017/8/7,28.7,33.2,25.9,32.6,7.5,9,4.3
2017/8/8,29.3,33.9,26.9,32.3,9.8,0,4.2
2017/8/9,30,37.1,25.9,31.4,7.8,0,2.6
2017/8/10,25.7,28.4,22.4,28.2,10,2.5,2.6
2017/8/11,22.9,24.8,21.7,25.9,10,10.5,2.4
2017/8/12,24.1,29.3,21,26.7,8,9.5,1.8
2017/8/13,26.9,31.2,23.1,28.1,9.5,0,2.2
2017/8/14,24.4,25.2,23.4,28.7,10,9.5,2.2
2017/8/15,23.7,26.3,22.4,28.7,10,43.5,2.4
2017/8/16,21.9,22.8,21.1,26,10,18.5,2.5
2017/8/17,24.2,28.2,20.9,26.7,10,3.5,2.2
2017/8/18,26.5,30.2,24,30,10,0,1.9
2017/8/19,26,30.3,22.4,30.4,9.5,17,2.3
2017/8/20,25.3,29.3,22.4,27.5,10,0,1.9
2017/8/21,27,31.5,24.1,29,9.8,0.5,2.4
2017/8/22,27.8,31.9,24.4,31.3,9.5,0,2.8
2017/8/23,29.4,33.7,24.7,29,7.3,0,2
2017/8/24,29.9,34.8,26.4,28.7,7.5,0,2.5
2017/8/25,30.4,34.9,25.8,31.1,10,0,2.1
2017/8/26,28.9,33.6,26.1,29.9,10,0,2.4
2017/8/27,26.6,30.6,23.2,22.3,7,0,3
2017/8/28,26.4,31.4,22.3,25.3,8.5,0,2.7
2017/8/29,28.7,32.2,25.2,30.3,9,0,4.1
2017/8/30,27.7,32.9,24.1,30.7,8.8,2,3.3
2017/8/31,21.6,24.2,20,22.8,9.8,8,3.6
2017/9/1,21.8,27.4,17.3,18.2,10,9.5,3.6
2017/9/2,20,24.5,16.8,18.8,8.3,14.5,3.3
2017/9/3,22.2,27.2,16.4,20.2,3,0,2.8
2017/9/4,20.6,22.5,18.9,21.8,10,8,2.1
2017/9/5,23,27.3,18.8,23.5,10,0.5,2.2
2017/9/6,21.6,22.8,19.8,25.6,10,9.5,1.7
2017/9/7,22.1,24,20.2,26.3,10,3,1.6
2017/9/8,23.8,28.2,21,25.1,6.3,0,2.4
2017/9/9,24.5,29.2,21.5,22.4,6.5,0,2.4
2017/9/10,25.3,29.9,21.6,25.3,6,0,2.8
2017/9/11,25.8,29.8,22.8,25.5,10,3,4.1
2017/9/12,24.8,27,22.7,29.2,10,4.5,3.4
2017/9/13,26.2,31.2,22.1,23.6,8,0,2.9
2017/9/14,25.7,31,22.6,22.9,9.5,0,2.7
2017/9/15,23.9,28.5,19.9,16.4,10,0,3
2017/9/16,20.5,22.9,18.1,18.7,10,8,2.6
2017/9/17,19,20.9,17.9,22,10,52,2.5
2017/9/18,27,33.3,20.3,25,8,16,4.6
2017/9/19,24.6,28.2,21.3,20.8,9.3,0,2.3
2017/9/20,23.3,25.7,21.4,21.3,10,0,2.4
2017/9/21,24.2,29.5,19.6,15.9,7.5,0,3.4
2017/9/22,21.9,26.1,19.3,21.7,8.3,20.5,2.3
2017/9/23,20.1,24,17.7,19.8,9.5,12.5,2.6
2017/9/24,21.9,26.3,18,20,9,0,2.1
2017/9/25,23.7,28.9,19.6,21.7,7.3,0,2.3
2017/9/26,23.8,28.2,20,22.6,4.8,0,2.5
2017/9/27,23.7,26.5,21,22.3,7.8,2.5,4
2017/9/28,19.2,24.7,16.2,20.5,10,45.5,2.9
2017/9/29,19.9,24.2,16,17.1,5.8,0,2.4
2017/9/30,20.1,24.2,17.6,18.6,7,0,1.9
2018/5/1,22.3,28.1,16.7,15.1,4.8,0,2.9
2018/5/2,20.4,25.3,17.1,18.5,10,3.5,3.2
2018/5/3,21.9,27.4,16.8,20.2,10,14,6.2
2018/5/4,18,23.8,13.2,10.6,3.5,0,3.8
2018/5/5,18.3,24.3,11.5,10.8,1.8,0,3.3
2018/5/6,21,26.5,14.4,13.4,9.8,0,4.5
2018/5/7,17.9,21.6,13.9,16.8,10,21,4.3
2018/5/8,12.9,14.6,11.4,13.6,10,10.5,3.1
2018/5/9,12.1,14.3,10.3,12.6,10,35,2.9
2018/5/10,12.1,15.8,10,11.9,6.3,9,1.8
2018/5/11,16.4,22.4,9,11.8,7.3,0,3.7
2018/5/12,18.8,24.6,12.9,15.5,6.5,0,2.8
2018/5/13,17.9,21.4,14.6,17.2,10,49,3.4
2018/5/14,21.1,28.6,15.2,14.1,3,0,2.9
2018/5/15,22.3,28.4,14.8,14.8,2,0,3.6
2018/5/16,23.5,29,18.8,17,5.8,0,4.3
2018/5/17,24,28.4,21.4,21,9,0,3.7
2018/5/18,23.4,27.1,20,23.4,7.8,0,3
2018/5/19,21.5,26.3,15.3,18.4,7.5,0,3.9
2018/5/20,16.8,22.1,13.1,9.6,4.3,0,3.5
2018/5/21,20.3,27.2,13.7,10.8,10,0,2.4
2018/5/22,21,27.3,15,13.3,0.3,0,3.1
2018/5/23,18.6,22,17,18,10,9,2.3
2018/5/24,20.7,25.7,16.1,19.6,6,6,2.8
2018/5/25,22.8,27.1,18.7,19.8,8.3,0,3.7
2018/5/26,21.4,25.2,18,16,9.8,0,2.7
2018/5/27,21.3,26.9,16.2,18.1,3.3,0,2.9
2018/5/28,21.6,26,18.8,19.6,10,0,2.5
2018/5/29,23,27.6,19.3,20.2,10,0,3.2
2018/5/30,21.1,25,17.4,21.3,10,8.5,2.6
2018/5/31,19.5,22,16.5,19.7,10,0,2.4
2018/6/1,21.7,27.5,17.3,14.5,8,0,3.4
2018/6/2,21.9,27.2,16.9,16.9,3.8,0,2.4
2018/6/3,22.5,28.6,17.3,17.8,4.3,0,2.8
2018/6/4,23.5,29.1,18.5,17.9,3,0,2.8
2018/6/5,23.2,28.3,18.2,18.9,7.5,0,2.3
2018/6/6,20.3,22.8,18.3,21.8,10,12.5,1.7
2018/6/7,22.2,27.3,18.2,21.4,7.8,1.5,2.6
2018/6/8,23.7,27.5,19.3,22.9,7.3,1,4
2018/6/9,25.7,32,21.2,23.8,8.8,0,2.7
2018/6/10,20,22,18.6,21.2,10,31,3
2018/6/11,18.9,19.9,18.1,21.6,10,50,2.9
2018/6/12,20.5,26.4,17.8,21.8,10,0,2.2
2018/6/13,21.5,27,18.3,19.5,8,0,2.7
2018/6/14,20.6,25.2,18.6,17.6,10,0,3.4
2018/6/15,17.6,20,15.4,18.6,10,9.5,3.2
2018/6/16,15.9,18.4,14.2,15.4,10,3,2.8
2018/6/17,18.7,22.5,15.1,16.6,10,0,2.3
2018/6/18,19.4,21.2,17.7,20.8,10,2,1.9
2018/6/19,22.7,28.8,18.2,20.9,9.8,0,3
2018/6/20,20.8,21.7,19.4,24.1,10,24.5,2.7
2018/6/21,21.2,24.4,19,23.9,9.5,2,2
2018/6/22,23.1,28.1,19.4,22.4,7.3,0,2.7
2018/6/23,20.6,23,17.9,23,10,16,1.7
2018/6/24,21.3,27,18.4,23,10,2.5,2.1
2018/6/25,26.2,32.6,19.7,23.2,2.8,0,2.4
2018/6/26,25.7,30.1,22.3,24.7,7.5,0,3.6
2018/6/27,27.7,31.7,24.9,26.1,9,0,7
2018/6/28,27.4,31.9,25.2,27.9,8,0,6
2018/6/29,28.2,32.9,25.4,27.7,4,0,6.9
2018/6/30,28.6,32.7,25.2,28.5,6,0,5.8
2018/7/1,28.1,32,25.4,28.5,1.5,0,5.1
2018/7/2,28.8,33.5,24,27.6,0,0,3.7
2018/7/3,28.4,32.7,25.6,26.5,7.8,0,5
2018/7/4,27.6,31.2,25.5,27.6,10,0,6.6
2018/7/5,26.7,28.7,24.8,27.5,10,2,6.9
2018/7/6,21.7,25,19.1,25.8,10,28.5,3.1
2018/7/7,25,29.6,19.3,27.2,10,0,3.8
2018/7/8,27.4,32.2,24.5,28.7,10,0,3.9
2018/7/9,27.3,31.6,24.2,30.8,7.8,3.5,3.2
2018/7/10,28.5,32.8,25.4,30,6,0,3.7
2018/7/11,29,34.2,25.2,29.8,10,0,2.1
2018/7/12,26.6,30,23.1,29,10,3.5,2.6
2018/7/13,29.1,33.8,25.5,29.8,8.5,0,2.7
2018/7/14,30.1,35.4,26.2,29.4,7,0,2.8
2018/7/15,29.7,34.5,26.3,32.1,3,0,3.2
2018/7/16,29.9,34.4,26.3,32.6,9.8,0,3
2018/7/17,29.9,34.8,26.9,32.7,10,0,3.4
2018/7/18,30.5,35.3,26.7,32.6,5.3,0,3
2018/7/19,29.9,34.8,26.6,32.4,7.3,0,3.6
2018/7/20,29.9,34.2,27,31.5,3.5,0,4.4
2018/7/21,30.5,34.9,26.9,31.2,6.5,0,3.2
2018/7/22,31,35.6,26.6,32.6,8.3,0,2.4
2018/7/23,32.2,39,28.5,28,7.5,0,2.9
2018/7/24,29.8,35.3,26.3,31.5,6.3,2.5,2.8
2018/7/25,28.1,32.2,25.7,30.7,10,0,3
2018/7/26,26.5,30.7,24.3,23.3,9.8,0,2.9
2018/7/27,25.4,28.5,23.5,22.4,9.5,0,3.1
2018/7/28,24,28,20.1,28.7,10,52,4.2
2018/7/29,27.9,32.3,25.4,31.7,9,15,3.6
2018/7/30,28,31.9,25,30.5,8.8,0,2.6
2018/7/31,28.4,33.8,24.4,30,4.5,0,2.6
2018/8/1,30.3,35.1,24.8,31,1.8,0,2.6
2018/8/2,31.2,37.3,26.7,31.1,6.5,0,2.5
2018/8/3,30.5,35.4,27.3,31.9,6,0,2.6
2018/8/4,29.8,34.1,26.1,30,7.3,0,2.8
2018/8/5,30.4,34.7,27.2,33.3,4.5,0,3.3
2018/8/6,28.7,34,25,31.6,10,0,3
2018/8/7,22.2,25,20.8,25,10,4.5,3.3
2018/8/8,23.6,25.1,21.6,27.9,10,41,3.9
2018/8/9,27.4,32.1,23.8,31.1,8.3,4,5
2018/8/10,29.8,34.5,27,31.8,5.8,0,3.8
2018/8/11,28.7,33.6,26,33.3,9.5,0.5,2.3
2018/8/12,27.7,31.1,25.6,31.6,10,0,2.2
2018/8/13,27.5,34.1,24.6,33.1,10,10.5,2
2018/8/14,28.8,34.1,23.9,31,6,0,3.8
2018/8/15,29.7,33.1,27.2,30.1,9.5,0,5.8
2018/8/16,29.1,32.3,25.8,28.9,9,0,5.9
2018/8/17,26.3,30,21.3,15.1,4,0,5.5
2018/8/18,22.7,27.2,18.3,15.7,7.8,0,2.9
2018/8/19,23.6,28.6,19.4,18.7,7.8,0,2.5
2018/8/20,24.7,27.6,20.9,23.1,10,0,1.7
2018/8/21,28.2,33.6,23.7,30.4,6,0,3.5
2018/8/22,29.7,34.1,26.9,31.2,2.8,0,4.9
2018/8/23,29.4,33.7,26.2,31.7,8.5,0,4.8
2018/8/24,28.2,31.4,26.3,32.1,10,7.5,7.4
2018/8/25,31.1,35.6,27.6,31.5,5.5,0,4.3
2018/8/26,31,36,26.4,31.9,3.5,0,2.1
2018/8/27,29.4,35.8,24.5,29.5,4.5,16,2.9
2018/8/28,26.6,30.5,23.5,29.3,10,1,2.3
2018/8/29,26.1,29.2,24.1,29.2,10,0.5,2.4
2018/8/30,28.8,34,25,30,9.3,0,2.9
2018/8/31,28.7,35.4,25.1,29.8,9.3,1,2.5
2018/9/1,25.9,31.4,21,28.6,8.5,6,2.5
2018/9/2,22.1,23.7,20.7,25.4,10,7.5,2
2018/9/3,23.6,26.1,22,27.8,10,4,1.8
2018/9/4,26.5,28.7,22.8,31,10,14.5,5.9
2018/9/5,27.6,32,22.5,27.2,6.5,8.5,6.6
2018/9/6,27.6,31.5,24.8,24.5,8.8,0,3.7
2018/9/7,27.5,30.4,24.9,27.7,9.3,0,5.4
2018/9/8,28.8,33,26.3,29.1,8.3,0,5.3
2018/9/9,28.3,32.1,26.1,28.9,8.3,0,4.9
2018/9/10,25.5,30.6,21.4,28.7,10,38.5,3.6
2018/9/11,21.4,23.9,19.3,20.6,10,4,3.7
2018/9/12,21,24.4,18.1,17.2,9.5,0,2.9
2018/9/13,22.4,27.3,18.5,21,10,0,2.1
2018/9/14,21.9,24.9,19.9,24.4,10,7.5,2
2018/9/15,20.5,22.2,19.1,24.1,10,14.5,1.5
2018/9/16,23.1,27.4,20.1,25,8.8,0,1.8
2018/9/17,24.7,31.2,21.1,26.3,9.5,26,2.3
2018/9/18,23.3,28.1,20.3,24.7,7.8,40.5,2.7
2018/9/19,22.2,27.4,18.2,18.8,7.3,0,2.8
2018/9/20,19.9,24,15.4,19.6,10,40.5,2.1
2018/9/21,17.7,19,15.6,20.3,10,36,3.5
2018/9/22,21.5,25.8,18.7,24.1,8.5,0,1.2
2018/9/23,24.5,28.4,21.8,23.1,9.3,0,2.3
2018/9/24,24.4,28.6,21.2,25.6,9.8,1.5,2
2018/9/25,21.3,25.2,18.6,24.1,10,14.5,2.5
2018/9/26,17.7,19.9,15.7,19.5,10,38.5,2.5
2018/9/27,15.9,17.5,14.7,17.8,10,19,2.9
2018/9/28,19.7,26,14.1,17,1.5,0,2.1
2018/9/29,18.8,21.3,17.2,20.7,10,9.5,2.1
2018/9/30,20.4,27,16.9,23.5,10,34,3.5
